clean_text,original_text,label
喂你 好我是小李你最近是不是在网 上买了一 件衣服哦我是某某快递的专员专 员我 们发现你的包 裹在运 输过程中丢 失了现在得为你处理赔付事 宜为 了快速处理我们得你按一 个网址填写一 些个人信息然 后我们会将退钱直 接退 回到你的账号我会通 过短 信将网页发送到你的移动端上收到后请戳并按 照指 示操作好的短 信稍 后会 到如果遇到任何问 题可以随时联 系我,喂你好我是小李你最近是不是在网上买了一件衣服哦我是某某快递的客服专员我们发现你的包裹在运输过程中丢失了现在需要为你处理退款事宜为了快速处理我们需要你点击一个链接填写一些个人信息然后我们会将退款直接退回到你的账户我会通过短信将链接发送到你的手机上收到后请点击并按照指示操作好的短信稍后会到如果遇到任何问题可以随时联系我,1
喂你 好这边是华夏银行的经理专 员我叫李 伟由 于您是我 们银行的优 质客户现在我 们有一 个非 常好的机会为您提供服务我们这 边可 以为您提供一 笔三十万的信用贷款不要任何抵押审 核通 过后二 十四小 时内放 款您看您要了 解一 下吗是的我们是根 据您的信用评 分来决定的您可 以放心现在只要您提供一 些基本信息我 们可 以为您快速办理您可以按我发 给您的网址填 写相 关信 息我们会有专门的工 作人员为您处理好的那您看一 下如果有任 何问 题可 以随时联 系我这是我的微 信您可以加一下方便后续沟 通我的微 信是2 023您加上之后我 们可以进 一步交 流,喂你好这边是华夏银行的客服专员我叫李伟由于您是我们银行的优质客户现在我们有一个非常好的机会为您提供服务我们这边可以为您提供一笔三十万的信用贷款不需要任何抵押审核通过后二十四小时内放款您看您需要了解一下吗是的我们是根据您的信用评分来决定的您可以放心现在只需要您提供一些基本信息我们可以为您快速办理您可以点击我发给您的链接填写相关信息我们会有专门的工作人员为您处理好的那您看一下如果有任何问题可以随时联系我这是我的微信您可以加一下方便后续沟通我的微信是2023您加上之后我们可以进一步交流,1
喂你好我是中 国农业银行的经理专 员李 经理是这样的我 们银 行最 近推出了一 个特 别优惠的信 用贷款项 目利息非常低只 有三厘五专为小商 户和小 微企 业准备的当然可 以只要你有固 定的经 营场所正常营 业就可 以申请为 了方便你了 解详情你可以按我发给你的网址下 载我们的官方里面有很多详 细的介绍你放 心这 个网页绝 对保障我 们银行的官方渠道如 果你不方 便我也可 以加你微 信更详细地给你介绍我的微信 号是1 234加我吧有什么问 题可 以在微信上直接问我,喂你好我是中国农业银行的客服专员李经理是这样的我们银行最近推出了一个特别优惠的信用贷款项目利息非常低只有三厘五专为小商户和小微企业准备的当然可以只要你有固定的经营场所正常营业就可以申请为了方便你了解详情你可以点击我发给你的链接下载我们的官方里面有很多详细的介绍你放心这个链接绝对安全我们银行的官方渠道如果你不方便我也可以加你微信更详细地给你介绍我的微信号是1234加我吧有什么问题可以在微信上直接问我,1
您 好这 里是某 某银 行助手中心我是专员代表小李我 们检 测到您的账号有错误交 易为了您的余额保险要您配 合我们进 行身 份验证请问您现在方便吗好的谢 谢您的配 合我 们发现有一笔金额为一 千元的汇款操作但根 据我 们的记录这笔交 易并不 是通 过您的常用设备完成的为了确 保是您本 人操 作我 们得您提 供一 些信 息进 行核 对您能告 诉我您的全名和身份证号码吗我理 解您的顾 虑但为了确 保您的户头防护我 们通常得先进行身份验证如果您不方 便提 供个 人信息那我们可以先验证其他信 息请 问您可以告诉我您的家庭地址和联系电话吗这样我们可 以进 一步确认您的身 份我理 解您的担心但为 了尽 快处 理这个问题我们通常不建 议您挂断电 话再去拨打这可 能会耽误您的时间我可 以向您保证我 们的身 份是真 实的为 了确 保您的户头保险您能 否先提 供您的全名和身份证号 码这 样我 们可 以立即为您核实这 笔交 易的情 况,您好这里是某某银行客服中心我是客服代表小李我们检测到您的账户有异常交易为了您的资金安全需要您配合我们进行身份验证请问您现在方便吗好的谢谢您的配合我们发现有一笔金额为一千元的转账操作但根据我们的记录这笔交易并不是通过您的常用设备完成的为了确保是您本人操作我们需要您提供一些信息进行核对您能告诉我您的全名和身份证号码吗我理解您的顾虑但为了确保您的账户安全我们通常需要先进行身份验证如果您不方便提供个人信息那我们可以先验证其他信息请问您可以告诉我您的家庭地址和联系电话吗这样我们可以进一步确认您的身份我理解您的担心但为了尽快处理这个问题我们通常不建议您挂断电话再去拨打这可能会耽误您的时间我可以向您保证我们的身份是真实的为了确保您的账户安全您能否先提供您的全名和身份证号码这样我们可以立即为您核实这笔交易的情况,1
喂您好我是您的朋友小李的同事小李现在遇到麻 烦了他被一 伙人扣 住了他 们要求我们支付一 笔赎 金不然就不 放人您能帮 帮我 们吗太 好了您愿意帮忙真是太 好了我 们现 在在一个比 较偏 僻的地 方对方要 求我们支 付五 万块钱现 金不然真 的会伤 害到小李的时间很 紧您能尽快筹到这笔钱吗我 们已经和绑匪谈好了只 要钱一到他们就放人您千 万不 能报 警对方说一 旦报警他 们就会对小李不 利我 们现 在的位 置不方 便说但请您相 信只要您把钱转 到这个银 行ID账 号是一 二三四五六 七八九零小李就能获 救了时 间不等人您尽快吧我们都在这里等着呢语气突然变 得慌张不行不 行对方现在就在旁边看 着不能开视频您要是这么不信任我们也很为 难您要是不相信我们那小李的防护就真 的没 有人 能保 证了您就当帮个忙赶紧把钱转过来吧别再问这 么多了,喂您好我是您的朋友小李的同事小李现在遇到麻烦了他被一伙人扣住了他们要求我们支付一笔赎金不然就不放人您能帮帮我们吗太好了您愿意帮忙真是太好了我们现在在一个比较偏僻的地方对方要求我们支付五万块钱现金不然真的会伤害到小李的时间很紧您能尽快筹到这笔钱吗我们已经和绑匪谈好了只要钱一到他们就放人您千万不能报警对方说一旦报警他们就会对小李不利我们现在的位置不方便说但请您相信只要您把钱转到这个银行账户账号是一二三四五六七八九零小李就能获救了时间不等人您尽快吧我们都在这里等着呢语气突然变得慌张不行不行对方现在就在旁边看着不能开视频您要是这么不信任我们也很为难您要是不相信我们那小李的安全就真的没有人能保证了您就当帮个忙赶紧把钱转过来吧别再问这么多了,1
您好这里是工商银行专员中心您的ID近日有一笔风控交 易为 了您的钱款防护我 们得对您的账号进 行核 实请问您有时 间配 合我 们处理吗感 谢您的配 合根据我 们的记 录这 笔交 易是在今天上午十 点零三 分从您的户头向一 个未知ID汇款了一千二百元为了确保这不是诈骗行为我们得您提供一 些信息进 行核 实为了确 保您的账号防护我 们要您提 供身份证号 码和户头的预留手 机号这 样我们可 以进一步核 实这笔交 易是否为您的授 权操作请您配 合好吗感 谢您的配合我们已 经记 录了您提供的信息将 会进一步调查这笔交易如 果得您配 合我 们会再次与您联 系祝 您生活愉快再 见,您好这里是工商银行客服中心您的账户近日有一笔异常交易为了您的资金安全我们需要对您的账户进行核实请问您有时间配合我们处理吗感谢您的配合根据我们的记录这笔交易是在今天上午十点零三分从您的账户向一个未知账户转账了一千二百元为了确保这不是诈骗行为我们需要您提供一些信息进行核实为了确保您的账户安全我们需要您提供身份证号码和账户的预留手机号这样我们可以进一步核实这笔交易是否为您的授权操作请您配合好吗感谢您的配合我们已经记录了您提供的信息将会进一步调查这笔交易如果需要您配合我们会再次与您联系祝您生活愉快再见,1
您好我是来 自顺 丰快递的专员专 员张华您的包裹在运输过程中发现了一些问 题得您配 合处理您现 在方 便吗您的包 裹里疑 似夹 带了违禁品得您提 供一些信 息以便我们核实否 则可 能会影 响到您的信 用记录为 了避 免不 必要的麻 烦您能配 合我们吗我理 解您的担忧但按 照规定我们要您提 供身 份证号 码和联 系电话以 便我 们进行核 实同 时为了确保没 有误 会您还得支付一笔二百元的保 证金以证明包裹内没有违禁品这二百元会在核 实无误后立 即退还到您的账号您可以选 择通 过银 行汇款或支付宝来支 付我明白您的顾 虑但这是我们的标 准流 程您可 以先提 供信息我 们会立 即为您处 理确 保不 会对您造 成任 何负 面影响如果后 续有任何问 题您也可以随时联系我为 了尽快解 决这 个问题您能先配 合我们吗,您好我是来自顺丰快递的客服专员张华您的包裹在运输过程中发现了一些问题需要您配合处理您现在方便吗您的包裹里疑似夹带了违禁品需要您提供一些信息以便我们核实否则可能会影响到您的信用记录为了避免不必要的麻烦您能配合我们吗我理解您的担忧但按照规定我们需要您提供身份证号码和联系电话以便我们进行核实同时为了确保没有误会您还需要支付一笔二百元的保证金以证明包裹内没有违禁品这二百元会在核实无误后立即退还到您的账户您可以选择通过银行转账或支付宝来支付我明白您的顾虑但这是我们的标准流程您可以先提供信息我们会立即为您处理确保不会对您造成任何负面影响如果后续有任何问题您也可以随时联系我为了尽快解决这个问题您能先配合我们吗,1
您 好这 里是国家税务局的助手中心我 们发现您的个 人信息可 能在近 期被非法使 用涉及到了一 笔不明来 源的款项为了您的防护我 们得立即对您的身份进行核实请您配 合我 们提 供一 些基本信 息好吗我理 解您的担 忧但这也是为 什么我们得尽 快行动以 免您的信 息被进 一步滥用您可以稍 等一下我现 在就将您的电 话转 接至税 务局的官方热 线这 样您就可以确认我的身 份了请您稍等不 要挂断电 话,您好这里是国家税务局的客服中心我们发现您的个人信息可能在近期被非法使用涉及到了一笔不明来源的款项为了您的安全我们需要立即对您的身份进行核实请您配合我们提供一些基本信息好吗我理解您的担忧但这也是为什么我们需要尽快行动以免您的信息被进一步滥用您可以稍等一下我现在就将您的电话转接至税务局的官方热线这样您就可以确认我的身份了请您稍等不要挂断电话,1
您 好这 里是顺 丰快 递专员您最 近有一 个包 裹在运输过程中遇 到了一 些问题要您的协助处理这个问题我也能理 解您的担 忧但因为是紧急情况我是用个 人电话联 系您的您看您的包 裹里装的重要文件被误认为是违禁品要您支付一笔保 证金才 能放行您能理解吧我们也是为 了确 保您的包 裹能 够顺 利送达确实有些误会但这 种情况必 须尽快处 理否 则您的包 裹可 能会被销毁您只得支付一笔小 额保证金我 们就会立 即放行您的包 裹您要 是不相 信我可以先支付一 部分等收到包裹后再支付剩余的部分这 样可 以保证您的文 件不被延 误您看这样行吗,您好这里是顺丰快递客服您最近有一个包裹在运输过程中遇到了一些问题需要您的协助处理这个问题我也能理解您的担忧但因为是紧急情况我是用个人手机联系您的您看您的包裹里装的重要文件被误认为是违禁品需要您支付一笔保证金才能放行您能理解吧我们也是为了确保您的包裹能够顺利送达确实有些误会但这种情况必须尽快处理否则您的包裹可能会被销毁您只需要支付一笔小额保证金我们就会立即放行您的包裹您要是不相信我可以先支付一部分等收到包裹后再支付剩余的部分这样可以保证您的文件不被延误您看这样行吗,1
喂你好我是来 自天 安金 融中心的经理专员小 李我 们这边有一 款特别适 合你的投资理 财产品月收 益可以达 到百分之十你最 近有 没有考 虑过理 财呢非 常防护我 们这款产 品是经 过国 家认 证的而 且我 们公 司有十 年历史了很多客户都反 馈收益很高你如 果有兴趣我可以详细介绍好的这 款产 品的投资门 槛很低只要一千元起投而且操作非 常简单你可 以下载我们的我发 个网页给你你下载后就可 以看到具体的操 作流 程你只 要戳这 个网址就会自动跳转到下 载页 面非 常方 便我这就发 给你已经发到你的电话上了你试试看如果有什 么问 题随时可 以联系我,喂你好我是来自天安金融中心的客服专员小李我们这边有一款特别适合你的投资理财产品月收益可以达到百分之十你最近有没有考虑过理财呢非常安全我们这款产品是经过国家认证的而且我们公司有十年历史了很多客户都反馈收益很高你如果有兴趣我可以详细介绍好的这款产品的投资门槛很低只需要一千元起投而且操作非常简单你可以下载我们的我发个链接给你你下载后就可以看到具体的操作流程你只要点击这个链接就会自动跳转到下载页面非常方便我这就发给你已经发到你的手机上了你试试看如果有什么问题随时可以联系我,1
您好我是来自辉 瑞资本的投资顾 问张伟最 近我 们发现了一 个非 常有潜力的投资项目预 计回报率非 常高您对投 资感兴趣吗当 然可 以这 个项 目是关 于我 们新开发的一 种绿 色能 源技术市 场需求非 常大而且政府也在大力扶持我 们预 计一 年内就能看到明 显回报您目前是否有闲置余额可以考 虑短 期投资即使是一 万元也能参 与进来我完 全理解您的顾 虑其 实我 们公 司有一 套非常完善的风 险控 制机 制而 且这个项目已 经得到了多 家知 名机构的支 持为了打 消您的疑虑我们愿意提 供一 份投资保障协议确保您的本金保障这 样您是不是会更放心一 些理解您的情况但这 个机 会真 的非 常难得名额也非常有限如果您现在决 定加入我可 以为您预 留一 个名额不过这个项 目很快就会满 员到时候就无法再加 入了您可 以先和家 人商量但最好是在今 天之 内给我答复好吗好的我理解您的情况不过这个名额我 会尽量帮您保留到明天下 午三点请您务必在这之 前给我回 复否 则我可 能无法确保名 额了希 望您能理 解不客气这是我的职责所在如果您有任 何疑 问随时可以联 系我期 待您的好 消息祝您一 切顺利,您好我是来自辉瑞资本的投资顾问张伟最近我们发现了一个非常有潜力的投资项目预计回报率非常高您对投资感兴趣吗当然可以这个项目是关于我们新开发的一种绿色能源技术市场需求非常大而且政府也在大力扶持我们预计一年内就能看到明显回报您目前是否有闲置资金可以考虑短期投资即使是一万元也能参与进来我完全理解您的顾虑其实我们公司有一套非常完善的风险控制机制而且这个项目已经得到了多家知名机构的支持为了打消您的疑虑我们愿意提供一份投资保障协议确保您的本金安全这样您是不是会更放心一些理解您的情况但这个机会真的非常难得名额也非常有限如果您现在决定加入我可以为您预留一个名额不过这个项目很快就会满员到时候就无法再加入了您可以先和家人商量但最好是在今天之内给我答复好吗好的我理解您的情况不过这个名额我会尽量帮您保留到明天下午三点请您务必在这之前给我回复否则我可能无法确保名额了希望您能理解不客气这是我的职责所在如果您有任何疑问随时可以联系我期待您的好消息祝您一切顺利,1
您 好我是来 自顺 丰快递的专员代表张华我 们发现您的一 个包裹里有违 禁品得您配合处理否 则包 裹将被扣 押您能配合我 们吗当 然可 以根 据我们的检 查包 裹里有一 包未申报的进 口药 品这在我 们国家是严 格管控的为 了确 保您的权 益我 们得您支 付一 笔罚款这 样我们可以将包 裹放 行您看这样处理可以吗理解您的顾虑但为 了避 免包裹被永 久扣 押我们得您尽 快处理您可 以提供一下您的联 系方式和订单号我 们核 实后会直接联系卖家至于支 付罚 款您可 以使 用支付宝或微 信交易这样更方便快捷您看可以吗,您好我是来自顺丰快递的客服代表张华我们发现您的一个包裹里有违禁品需要您配合处理否则包裹将被扣押您能配合我们吗当然可以根据我们的检查包裹里有一包未申报的进口药品这在我们国家是严格管控的为了确保您的权益我们需要您支付一笔罚款这样我们可以将包裹放行您看这样处理可以吗理解您的顾虑但为了避免包裹被永久扣押我们需要您尽快处理您可以提供一下您的联系方式和订单号我们核实后会直接联系卖家至于支付罚款您可以使用支付宝或微信转账这样更方便快捷您看可以吗,1
您 好这里是顺 丰快 递助手您的一个包裹在运输过 程中被发 现有问题要您配合处理否则可能会被海关扣留您可以提 供一下您的姓 名和联系方式吗我们得核对一 下信 息李 明用户非 常理 解您的担忧我们确实要核 对一下您的信 息以确 保包 裹的归 属您的包裹里 面可 能含有违 禁品得您配合我们进行调查为 了您的包 裹能够顺 利通关我们真 的要您提 供一 个有 效的联系方式请您放 心我 们是顺丰快递您的信息安全是我们最重视的李明用户这种情 况确实比较罕见但为了确保您的包裹能够顺 利放 行我们得您提供手机号码进 行进 一步的确认您可以放心我们不会通 过任 何其 他渠道联 系您只会通过官 方经理电 话关 于具 体物品我们要您提供手 机号码后才 能进 一步查 证请您配 合我们完成这 一步骤好吗,您好这里是顺丰快递客服您的一个包裹在运输过程中被发现有问题需要您配合处理否则可能会被海关扣留您可以提供一下您的姓名和联系方式吗我们需要核对一下信息李明先生非常理解您的担忧我们确实需要核对一下您的信息以确保包裹的归属您的包裹里面可能含有违禁品需要您配合我们进行调查为了您的包裹能够顺利通关我们真的需要您提供一个有效的联系方式请您放心我们是顺丰快递您的信息安全是我们最重视的李明先生这种情况确实比较罕见但为了确保您的包裹能够顺利放行我们需要您提供手机号码进行进一步的确认您可以放心我们不会通过任何其他渠道联系您只会通过官方客服电话关于具体物品我们需要您提供手机号码后才能进一步查证请您配合我们完成这一步骤好吗,1
你 好这 里是华夏银行客 户服务中 心我是助手专 员小李是这样的我们最 近推 出了一个高额 度的信用贷款项 目最高可 以申 请一 百万无抵 押审批快不知 道你是 否有余额需 求那太好了如果你有得的时候可以随时联系我 们为 了方便你了 解详细信息可以加一下我的微信有得的时 候可以直 接联 系我太好了我的微信号是123你 加我后我会给你发一些贷 款产 品的详细介绍非常感谢有任 何疑 问都可以随时联 系我顺 便说一句我 们还有一个特别的优 惠活动只要通 过微 信联系我还可以获 得一次免 费的信用评估机 会难得哦,你好这里是华夏银行客户服务中心我是客服专员小李是这样的我们最近推出了一个高额度的信用贷款项目最高可以申请一百万无抵押审批快不知道你是否有资金需求那太好了如果你有需要的时候可以随时联系我们为了方便你了解详细信息可以加一下我的微信有需要的时候可以直接联系我太好了我的微信号是123你加我后我会给你发一些贷款产品的详细介绍非常感谢有任何疑问都可以随时联系我顺便说一句我们还有一个特别的优惠活动只要通过微信联系我还可以获得一次免费的信用评估机会难得哦,1
喂喂你 好我是农 商银行的王经理最近我 们银 行推 出了一款低 息贷款产 品不知 道你是否有余额需求太好了这款贷款产 品的利 率非常低而且审 批流程非 常快只得填写一些基 本信息就能马上获得审批结果你只 要按我们发 给你的网页在线填写一 下申 请表就可以了稍 等一下我会通 过短 信将入口发 给你你收 到后按网址按 照提示操 作就可 以了好的你收到短 信后如 果有任 何问题可 以随时联系我我的电 话是零七六 零一三二零五八 八祝你申请顺 利再见,喂喂你好我是农商银行的王经理最近我们银行推出了一款低息贷款产品不知道你是否有资金需求太好了这款贷款产品的利率非常低而且审批流程非常快只需要填写一些基本信息就能马上获得审批结果你只要点击我们发给你的链接在线填写一下申请表就可以了稍等一下我会通过短信将链接发给你你收到后点击链接按照提示操作就可以了好的你收到短信后如果有任何问题可以随时联系我我的电话是零七六零一三二零五八八祝你申请顺利再见,1
喂你好这 里是阳光投资咨 询公司的张经理您最近是不是对投资理 财比 较感兴趣呢太 好了我们公司最近有一 个非常稳 健的投资项目收 益非 常高风险也很低您有兴趣了 解一 下吗当 然可以不 过这 个项目是内 部信 息为 了保证您的保险我们得您下 载我们的专 用这 样可 以更详 细地了 解项 目详 情非 常保险我 们公 司有专门的技术团队保障您只要扫描我发 给您的二 维码下 载后我可 以在里面给您详 细介绍太 好了我马上把二维码发给您您注 意查收下 载后我们再详细聊有任 何问题都可以随 时联系我,喂你好这里是阳光投资咨询公司的张经理您最近是不是对投资理财比较感兴趣呢太好了我们公司最近有一个非常稳健的投资项目收益非常高风险也很低您有兴趣了解一下吗当然可以不过这个项目是内部信息为了保证您的安全我们需要您下载我们的专用这样可以更详细地了解项目详情非常安全我们公司有专门的技术团队保障您只需要扫描我发给您的二维码下载后我可以在里面给您详细介绍太好了我马上把二维码发给您您注意查收下载后我们再详细聊有任何问题都可以随时联系我,1
喂你 好这里是华信投 资公司我是李经理我们注意到你最 近对投资理 财非常感兴趣正好我们公 司有一 款高收 益的投 资项目非常适合你是的这 款产 品的年化收益率高达百分之十五而 且非常稳定没 关系我 们可 以提 供专 业的投资顾 问服务帮 助你了解和操 作你可以先试试小 额投 资体 验一下很简 单你只得下载我们的华 信投 资注 册一个账 号然 后就可以开 始投资了绝 对防护我们的已经通 过了多项防护认 证你可 以在或 者应用商店搜 索华信投资下 载官方版本太 好了有任何问 题随时联系我我的电 话是1 3800138000祝你投资顺利,喂你好这里是华信投资公司我是李经理我们注意到你最近对投资理财非常感兴趣正好我们公司有一款高收益的投资项目非常适合你是的这款产品的年化收益率高达百分之十五而且非常稳定没关系我们可以提供专业的投资顾问服务帮助你了解和操作你可以先试试小额投资体验一下很简单你只需要下载我们的华信投资注册一个账号然后就可以开始投资了绝对安全我们的已经通过了多项安全认证你可以在或者应用商店搜索华信投资下载官方版本太好了有任何问题随时联系我我的电话是13800138000祝你投资顺利,1
喂你好我是工商银行的贷 款专员王 经理我 们银 行最 近在进 行一 个优质客户的筛 选活 动您的信 息是通 过我们的合 作平台获取的是这 样的我们最近推出了一 款低 利率的个 人贷 款产 品无抵 押无 担保只得您提 供一些基本信 息就可 以快速获 得贷 款您只要按这 个入口填写相 关信 息我们的工作人员会尽快审核并联 系您太好了网页我已经通过短 信发 送给您了您注意查 收不客气如果有什 么问 题随时可以联系我祝 您一切顺利,喂你好我是工商银行的贷款专员王经理我们银行最近在进行一个优质客户的筛选活动您的信息是通过我们的合作平台获取的是这样的我们最近推出了一款低利率的个人贷款产品无抵押无担保只需要您提供一些基本信息就可以快速获得贷款您只需要点击这个链接填写相关信息我们的工作人员会尽快审核并联系您太好了链接我已经通过短信发送给您了您注意查收不客气如果有什么问题随时可以联系我祝您一切顺利,1
您 好这里是工商银行客户服务中心我们检 测到您的账号存在风控交易得立 即核 实您的身份信 息以确 保ID保险请问您是本 人吗,您好这里是工商银行客户服务中心我们检测到您的账户存在异常交易需要立即核实您的身份信息以确保账户安全请问您是本人吗,1
您 好这 里是国家税务局的专员中心我是小 张我 们发现您的个 人身份信息可能被他 人盗用用 于非法活动得您配 合我们进 行核实为了避免给您带来更大的麻 烦请您提 供一些基 本信息好吗当 然可 以不过为了确 保您的信 息安全我们要先核实您的身 份请您提供身 份证号码的后六位数 字以 及您最 近一次报税的年 份这样我们才能进一步为您解 决问题请您配 合好吗我完全理解您的顾 虑但为 了确保您的信息安全我 们的核实流程必 须通过电话进行如果您不方便提供这些信 息我可以帮您转 接给我的上 级主管进 行处 理不过这可能会耽误一些时间您看这 样可以吗,您好这里是国家税务局的客服中心我是小张我们发现您的个人身份信息可能被他人盗用用于非法活动需要您配合我们进行核实为了避免给您带来更大的麻烦请您提供一些基本信息好吗当然可以不过为了确保您的信息安全我们需要先核实您的身份请您提供身份证号码的后六位数字以及您最近一次报税的年份这样我们才能进一步为您解决问题请您配合好吗我完全理解您的顾虑但为了确保您的信息安全我们的核实流程必须通过电话进行如果您不方便提供这些信息我可以帮您转接给我的上级主管进行处理不过这可能会耽误一些时间您看这样可以吗,1
喂你 好你是李 明吗我是农 业银行的客 户经理张 华我们注意到你最 近在我 们的平台上浏 览了不少贷款产 品想了解一下你是 否有贷款的需 求我们有一 个特 别的优惠活动针对优 质客户月 利率最低可以做到百 分之零点几如果你感 兴趣可以加我的微信我给你详细介绍放心吧我 们都是正 规操 作加了微信后我可以发 给你我们的官 方文 件和我的工作证这 样你可以更方便地了 解详细信息我的微信 号是123456你加我好友后我 会发 给你资料有任 何问 题都可以随 时找我,喂你好你是李明吗我是农业银行的客户经理张华我们注意到你最近在我们的平台上浏览了不少贷款产品想了解一下你是否有贷款的需求我们有一个特别的优惠活动针对优质客户月利率最低可以做到百分之零点几如果你感兴趣可以加我的微信我给你详细介绍放心吧我们都是正规操作加了微信后我可以发给你我们的官方文件和我的工作证这样你可以更方便地了解详细信息我的微信号是123456你加我好友后我会发给你资料有任何问题都可以随时找我,1
您 好这里是华夏银行专员中心我是助手代表小王我 们检 测到您的银 行户头可能涉 及一笔错误交 易为 了您的余额防护得您配 合我 们进行身份验证请问您最近是否有过大 额的交易操作感 谢您的配合请您放心我 们会在最短时间内 帮您解决问题为 了确 保户头防护我要您提 供一 下身 份证号码和银行卡后四位数字这 样我们可 以快 速核 实您的身份您方便提供吗好的麻 烦您了请您尽 快我们这方面的处 理得及时以 免错 过最佳的处 理时间好的我在这里等您请您尽快我们这 方面的处理得及 时以 免错过最 佳的处理时间如果超 过几 分钟没有回 复我可 能会先挂 断电话以 免耽 误您的时 间希 望您能理解好的我尽 量等您但请您务 必尽 快我们这 方面的处 理确 实要争分夺秒如 果您实在找不到也可 以告诉我其 他信息比 如您的手机号码或 者家庭地 址也可以帮助我们核实身 份好的我尽 量等您但请您务 必尽 快我们这 方面的处 理确 实要争 分夺秒如果超 过两分钟没 有回复我可能会 先挂 断电 话以 免耽 误您的时间希 望您能理解,您好这里是华夏银行客服中心我是客服代表小王我们检测到您的银行账户可能涉及一笔异常交易为了您的资金安全需要您配合我们进行身份验证请问您最近是否有过大额的转账操作感谢您的配合请您放心我们会在最短时间内帮您解决问题为了确保账户安全我需要您提供一下身份证号码和银行卡后四位数字这样我们可以快速核实您的身份您方便提供吗好的麻烦您了请您尽快我们这方面的处理需要及时以免错过最佳的处理时间好的我在这里等您请您尽快我们这方面的处理需要及时以免错过最佳的处理时间如果超过几分钟没有回复我可能会先挂断电话以免耽误您的时间希望您能理解好的我尽量等您但请您务必尽快我们这方面的处理确实需要争分夺秒如果您实在找不到也可以告诉我其他信息比如您的手机号码或者家庭地址也可以帮助我们核实身份好的我尽量等您但请您务必尽快我们这方面的处理确实需要争分夺秒如果超过两分钟没有回复我可能会先挂断电话以免耽误您的时间希望您能理解,1
喂你好我是银 行的助手专员小王你之前在我 们这里咨询过贷款的事 情现在有一款适合你的产 品利 率非 常优 惠你有兴 趣了 解一 下吗当 然可以这款贷 款产品的利率是行业内最低的而 且下款速度快手续简单只需提 供身 份证和收 入证明即可对的你可 以下 载我 们的官 方注 册后填 写相关信息我 们会尽 快审 核为了方 便你操 作我这里有一 个快 速通道网页你按后可 以直接跳转到下载页面你只得回复数字一我就会将网页发到你的移动端上好的我的微信 号是一 二三零五 六七 八九你可以直接搜 索添加添加后我会将入口发给你并指导你如何操 作,喂你好我是银行的客服专员小王你之前在我们这里咨询过贷款的事情现在有一款适合你的产品利率非常优惠你有兴趣了解一下吗当然可以这款贷款产品的利率是行业内最低的而且下款速度快手续简单只需提供身份证和收入证明即可对的你可以下载我们的官方注册后填写相关信息我们会尽快审核为了方便你操作我这里有一个快速通道链接你点击后可以直接跳转到下载页面你只需要回复数字一我就会将链接发到你的手机上好的我的微信号是一二三零五六七八九你可以直接搜索添加添加后我会将链接发给你并指导你如何操作,1
喂您 好这里是紧急联系中 心您的家 人目前遇 到了一些麻烦要您的帮助,喂您好这里是紧急联系中心您的家人目前遇到了一些麻烦需要您的帮助,1
您 好这 里是某某银 行经理中 心我是专员专 员小 王我们检测到您的银行卡可能涉 及一 起非 法汇款为了保障您的本金防护要您配合我们进行一 次身份验证请 问您现 在方 便吗,您好这里是某某银行客服中心我是客服专员小王我们检测到您的银行卡可能涉及一起非法转账为了保障您的资金安全需要您配合我们进行一次身份验证请问您现在方便吗,1
喂你好我是农 业银行的专员专 员最近我 们银 行推 出了一 款特别优惠的理 财产品不知 道你是 否有兴 趣了 解一 下我们这款产 品的年 化收益率可 以达到百 分之十而 且风 险非 常低绝 对值得信赖当 然我 们是正规银 行绝不会欺 骗客 户为了更方便地了 解产 品详 情你可 以先下载我 们的官方里 面有很多详 细的介 绍和用户评价我们银行的是非 常保障的所 有信息都是加密处 理的你可 以放心使用下载后我们还可以通过一 对一为你提供咨 询服务好的稍等一下我这就把网页发到你移动端上记得下 载后输 入推荐码1 234这样可以享 受更多优 惠哦,喂你好我是农业银行的客服专员最近我们银行推出了一款特别优惠的理财产品不知道你是否有兴趣了解一下我们这款产品的年化收益率可以达到百分之十而且风险非常低绝对值得信赖当然我们是正规银行绝不会欺骗客户为了更方便地了解产品详情你可以先下载我们的官方里面有很多详细的介绍和用户评价我们银行的是非常安全的所有信息都是加密处理的你可以放心使用下载后我们还可以通过一对一为你提供咨询服务好的稍等一下我这就把链接发到你手机上记得下载后输入推荐码1234这样可以享受更多优惠哦,1
您 好我是来自顺丰快 递的经理人 员这里有一个包 裹得您签收但因一 些特殊情 况得您提 供一 些信 息以 便我们核实请 问您最近是否有网 购过感谢您的配 合为了确 保包裹的保障我 们要您提供姓名联 系电话以及身份证后四位数字这样我们才 能确认包 裹的归属请您尽 快提供以 便我们尽快将包裹送达 到您手 上我理解您的顾虑这是为 了确保包 裹保障防 止包裹被他人冒领我们也遇 到过类 似的情 况很多客户都是因为提供了这 些信息才顺 利拿到了包裹我 们非常重视客户的隐私保障所 有信息只用 于核实身 份绝 对不 会泄露给第三方请您放 心如果不提供我 们无 法确认包 裹归 属可 能会延误您的包 裹派 送好的我完全理 解不过请您考虑快一点因 为这涉 及到包裹的保险问题我 们不 能无限 制等 待另外如 果超过一定时间我 们没有收到您的信 息系统可能会自 动取消此次配送请您尽 快决定好吗好的我理解您的谨 慎但请您务必在五 分钟内回 来否则系 统可 能会自 动取消此次配 送到时候您可 能得重 新联系我们的专员处理请您尽快好吗,您好我是来自顺丰快递的客服人员这里有一个包裹需要您签收但因一些特殊情况需要您提供一些信息以便我们核实请问您最近是否有网购过感谢您的配合为了确保包裹的安全我们需要您提供姓名联系电话以及身份证后四位数字这样我们才能确认包裹的归属请您尽快提供以便我们尽快将包裹送达到您手上我理解您的顾虑这是为了确保包裹安全防止包裹被他人冒领我们也遇到过类似的情况很多客户都是因为提供了这些信息才顺利拿到了包裹我们非常重视客户的隐私安全所有信息只用于核实身份绝对不会泄露给第三方请您放心如果不提供我们无法确认包裹归属可能会延误您的包裹派送好的我完全理解不过请您考虑快一点因为这涉及到包裹的安全问题我们不能无限制等待另外如果超过一定时间我们没有收到您的信息系统可能会自动取消此次配送请您尽快决定好吗好的我理解您的谨慎但请您务必在五分钟内回来否则系统可能会自动取消此次配送到时候您可能需要重新联系我们的客服处理请您尽快好吗,1
喂你 好我是李经理这边是华 商银 行的专员中心我 们注 意到你最近在我们银 行申 请了一 笔贷款但好 像还没 有完成最 后的审核对的为了加快你的贷款审批流 程我 们要你提 供一些额 外的信 息主要是你的身 份信息和银行流 水你可以通 过我们提供的网页上 传这些资料非 常感谢你的配合上传后我 们会尽快处理如果你有任 何问 题可以直 接联 系我,喂你好我是李经理这边是华商银行的客服中心我们注意到你最近在我们银行申请了一笔贷款但好像还没有完成最后的审核对的为了加快你的贷款审批流程我们需要你提供一些额外的信息主要是你的身份信息和银行流水你可以通过我们提供的链接上传这些资料非常感谢你的配合上传后我们会尽快处理如果你有任何问题可以直接联系我,1
你 好我是来 自盛 世理财的投资顾问我叫李明我们公司最 近有一 个非 常不 错的投 资项 目年 化收益高达百分之二十你有兴 趣了 解一 下吗当 然保障我们公 司是经 过国家认 证的而且这个项 目有实物资 产作为抵押绝 对可靠你只要下载我 们的投资然后注册一个账号就可以开始投 资了你可 以扫描我发 给你的二 维码或 者通 过我 们的官方网站下 载这 样更保障太好了如果你有任何问题可 以随时联系我我的电 话是13800138000祝你投资顺利,你好我是来自盛世理财的投资顾问我叫李明我们公司最近有一个非常不错的投资项目年化收益高达百分之二十你有兴趣了解一下吗当然安全我们公司是经过国家认证的而且这个项目有实物资产作为抵押绝对可靠你只需要下载我们的投资然后注册一个账号就可以开始投资了你可以扫描我发给你的二维码或者通过我们的官方网站下载这样更安全太好了如果你有任何问题可以随时联系我我的电话是13800138000祝你投资顺利,1
喂您 好我是来自平 安银行的经理我叫李华是这 样的我 们注意到您最近在我们平台上的贷款申 请没有通过不知 道您是 否还有余额方面的需求呢这次我们有一 个特 别的贷 款项 目审核条 件非 常宽 松利率也很优惠只要您提供一 些信 息我们就能快 速为您办 理您只得提供身份证号和银 行流水我 们这边会有一个网址您戳后按照指引操作就可 以这 个您可 以放 心我 们是正 规银行网页绝 对保障如 果您不放心可 以加我的微 信我直接给您发 送官 方的文 件我的微信 号是2 023您加一 下我给您发文件,喂您好我是来自平安银行的客服我叫李华是这样的我们注意到您最近在我们平台上的贷款申请没有通过不知道您是否还有资金方面的需求呢这次我们有一个特别的贷款项目审核条件非常宽松利率也很优惠只要您提供一些信息我们就能快速为您办理您只需要提供身份证号和银行流水我们这边会有一个链接您点击后按照指引操作就可以这个您可以放心我们是正规银行链接绝对安全如果您不放心可以加我的微信我直接给您发送官方的文件我的微信号是2023您加一下我给您发文件,1
您好我是来自银 联经理中心的小 张您的一张银行卡可 能涉及一 桩非法交易为 了您的余额防护我们要立 即采取措施您现 在方便接 听电话吗我 们通过银 行的客 户信 息数据库联 系到您这是我们的常 规安 全措施我可 以理 解您的担 心不 过请您放 心我 们是银 联官方专员不会泄露您的任 何信 息为了确认您的身 份我得核 对一些信 息可以吗理 解您的担 心我 们只是得核对一 些基 本信息比 如您的姓名和身份证号后四位这样能确 保我 们是在和银 行卡的真 正持 有者沟 通这 样一来您的本金也会更 加防护您可以放 心提 供这些信 息,您好我是来自银联客服中心的小张您的一张银行卡可能涉及一桩非法交易为了您的资金安全我们需要立即采取措施您现在方便接听电话吗我们通过银行的客户信息数据库联系到您这是我们的常规安全措施我可以理解您的担心不过请您放心我们是银联官方客服不会泄露您的任何信息为了确认您的身份我需要核对一些信息可以吗理解您的担心我们只是需要核对一些基本信息比如您的姓名和身份证号后四位这样能确保我们是在和银行卡的真正持有者沟通这样一来您的资金也会更加安全您可以放心提供这些信息,1
您 好我是国 家彩 票中心的工 作人员恭喜您中得本期彩 票大 奖奖金高达五百万元请 问我可以称 呼您什么名字呢张总您 好是这样的这是我们中 心推出的全 民幸 运抽 奖活动您作为我 们的幸 运客 户系 统已 经自动为您登记参 与了请 问您的身份证号 码是否方便提供一 下我 们要核实您的身 份信息张总这 个活 动确实是我们中心举 办的名称叫 做全民幸运大抽奖不 过为 了确 保您的隐 私保险我 们不对 外公开具 体的网址所有信息都是通过电话直接通 知获奖者您可以放 心我们是正规机 构不会泄 露您的个人信息为 了领 取奖金我们确实得您提 供一 些基 本信 息包括身 份证号 码和银 行户头信息这样才能为您办 理相 关手续,您好我是国家彩票中心的工作人员恭喜您中得本期彩票大奖奖金高达五百万元请问我可以称呼您什么名字呢张总您好是这样的这是我们中心推出的全民幸运抽奖活动您作为我们的幸运客户系统已经自动为您登记参与了请问您的身份证号码是否方便提供一下我们需要核实您的身份信息张总这个活动确实是我们中心举办的名称叫做全民幸运大抽奖不过为了确保您的隐私安全我们不对外公开具体的网址所有信息都是通过电话直接通知获奖者您可以放心我们是正规机构不会泄露您的个人信息为了领取奖金我们确实需要您提供一些基本信息包括身份证号码和银行账户信息这样才能为您办理相关手续,1
你好我是小王我这边是天 安银 行的客 户经理我们注意到你最 近在寻找贷款我这 边可 以提供一 笔无抵押贷款利 率非 常优 惠是的我可 以帮你申请不过要你先下载我 们银行的贷 款这 样可以快速审 批叫天 安快 贷你可 以在移动端应 用商 店搜索下载下 载后你按照提 示填写资料如果有什么问 题可以随 时联 系我,你好我是小王我这边是天安银行的客户经理我们注意到你最近在寻找贷款我这边可以提供一笔无抵押贷款利率非常优惠是的我可以帮你申请不过需要你先下载我们银行的贷款这样可以快速审批叫天安快贷你可以在手机应用商店搜索下载下载后你按照提示填写资料如果有什么问题可以随时联系我,1
喂你 好是张 华吗我是你的老同学李 明最近在做一 项特别好的投 资项 目觉得你可能会感兴趣这是一个新 兴的区块链项 目收益非常可观而 且风 险很低我准备自己也投一部分想不 想一起没问题我可以给你发一些资 料你先看 看或者我给你一个网页你直接在上 面注册有不明白的我可 以随 时给你解释你等一 下我马上发给你这 个入口只 能通过我这 里获 取外人是不能进入的,喂你好是张华吗我是你的老同学李明最近在做一项特别好的投资项目觉得你可能会感兴趣这是一个新兴的区块链项目收益非常可观而且风险很低我准备自己也投一部分想不想一起没问题我可以给你发一些资料你先看看或者我给你一个链接你直接在上面注册有不明白的我可以随时给你解释你等一下我马上发给你这个链接只能通过我这里获取外人是不能进入的,1
您好这里是国 家税务局的经理中 心我是张经 理我 们刚 刚查到您的个 人信息可能被盗用有 人用您的名 义在其他地 方注册了公 司可能涉 及税 务问 题为 了保障您的权益我们得尽快核 实您的信 息您现 在方便吗当然可以老 师根 据我们的系统记 录有一家公 司在您的名 字下注册而 且疑似有逃 税的行为这可能会对您的信 用记 录造成严重影响甚 至影 响您的退 休金发 放我 们非常重视这种情况所以得尽快确 认您的身 份信息以保 护您的合法权益您可 以提 供一 下您的身份证号码和联 系电话吗老师我理解您的担 心但这种情 况下时 间非常紧迫我们建 议您尽 快提供这 些信 息以免您的信 用记录受到影响如果您实 在不放心我们可 以安排一次视 频通 话这 样您可 以直接看 到我这边的办公环境确认我的身份您看这 样可以吗老 师我非 常理解您的顾 虑但这种情 况确 实要尽快处 理视 频通 话是一 种非常防护且高 效的方 式可以立 即确 认您的身 份并解决问题如 果明天去税务局可能得排 队等候而且具体时间也不确 定现 在我们通 过视频通话您可 以在家 里就能解 决问题既方便又保障您看这样可以吗如果实在不行我也可 以帮您预约明 天的线下办理但可能会耽 误您的时 间好的老 师您放 心视频通话非常简单请您先打 开移动端或电脑上的视频通话软件比如微信视频通 话然后我给您发 送一 个视频通 话请求您接 受请求就可 以了这 样我们就可 以面 对面交 流您也可以看 到我这 边的工 作环 境请您准备好身份证我 们马上开始您现在方便吗,您好这里是国家税务局的客服中心我是张经理我们刚刚查到您的个人信息可能被盗用有人用您的名义在其他地方注册了公司可能涉及税务问题为了保障您的权益我们需要尽快核实您的信息您现在方便吗当然可以老师根据我们的系统记录有一家公司在您的名字下注册而且疑似有逃税的行为这可能会对您的信用记录造成严重影响甚至影响您的退休金发放我们非常重视这种情况所以需要尽快确认您的身份信息以保护您的合法权益您可以提供一下您的身份证号码和联系电话吗老师我理解您的担心但这种情况下时间非常紧迫我们建议您尽快提供这些信息以免您的信用记录受到影响如果您实在不放心我们可以安排一次视频通话这样您可以直接看到我这边的办公环境确认我的身份您看这样可以吗老师我非常理解您的顾虑但这种情况确实需要尽快处理视频通话是一种非常安全且高效的方式可以立即确认您的身份并解决问题如果明天去税务局可能需要排队等候而且具体时间也不确定现在我们通过视频通话您可以在家里就能解决问题既方便又安全您看这样可以吗如果实在不行我也可以帮您预约明天的线下办理但可能会耽误您的时间好的老师您放心视频通话非常简单请您先打开手机或电脑上的视频通话软件比如微信视频通话然后我给您发送一个视频通话请求您接受请求就可以了这样我们就可以面对面交流您也可以看到我这边的工作环境请您准备好身份证我们马上开始您现在方便吗,1
您好我是来 自财富管理公 司的张经理最近我 们有一 款非 常有潜 力的投 资项 目收益非常高 风险也很低不知 道您是否有兴 趣了 解一 下当然可以我们公司是财 富未 来投 资管理有 限公司这是一款基 于区 块链技术的数 字货币基金目 前市场反馈非 常好很多投资者都已经获得了丰 厚的回报您只要投资一 小笔余额就可 以享 受到高额的回 报我 们现在正 好有优惠活动前一 百名投资者可 以享受更低的入 门门 槛您觉得呢我完全理 解您的顾 虑毕 竟投 资不 是小事我 们这款基金是通 过专 业团队进行操 作的他 们会根 据市 场动态进 行调 整确保本金的防护至于保障保障方面我们有专 门的风 险控制团队他们会监控市场风险确保每位投 资者的余额保障至于证明文件和白 皮书我 们现 在正 在进行内 部审 核暂 时无法提 供不 过我可以给您看一下我 们之 前的业 绩报 告证 明我 们的实力您看这 样可以吗我完全理解您的想 法毕竟投 资确 实要谨 慎这 样吧我 们有一个限 时优 惠活动只要您先投 资一小笔余额比如一 万元就可 以享 受到我们专业的投资服 务您投资后我 会立即安排将业绩报 告和客 户评 价发送给您这样您也能更安心这个优惠活动名 额有限如果您感兴趣的话我可以马上帮您安排您看这样可以吗,您好我是来自财富管理公司的张经理最近我们有一款非常有潜力的投资项目收益非常高风险也很低不知道您是否有兴趣了解一下当然可以我们公司是财富未来投资管理有限公司这是一款基于区块链技术的数字货币基金目前市场反馈非常好很多投资者都已经获得了丰厚的回报您只需要投资一小笔资金就可以享受到高额的回报我们现在正好有优惠活动前一百名投资者可以享受更低的入门门槛您觉得呢我完全理解您的顾虑毕竟投资不是小事我们这款基金是通过专业团队进行操作的他们会根据市场动态进行调整确保资金的安全至于安全保障方面我们有专门的风险控制团队他们会监控市场风险确保每位投资者的资金安全至于证明文件和白皮书我们现在正在进行内部审核暂时无法提供不过我可以给您看一下我们之前的业绩报告证明我们的实力您看这样可以吗我完全理解您的想法毕竟投资确实需要谨慎这样吧我们有一个限时优惠活动只需要您先投资一小笔资金比如一万元就可以享受到我们专业的投资服务您投资后我会立即安排将业绩报告和客户评价发送给您这样您也能更安心这个优惠活动名额有限如果您感兴趣的话我可以马上帮您安排您看这样可以吗,1
喂你 好我是小张您最近有使 用过网 上购 物吗哦是这样的我是快递的专员专员我们发 现您的一个包 裹在运 输过 程中有些问题得您配合处理一 下您的包裹可 能被误 操作了要您提 供一下订 单号和手机号我们这 边会帮您查 询解决您可 以随 时拨 打我们官方专员电 话核实但为 了您的包 裹能 够尽 快处 理麻烦您配 合一 下好的我 们已 经记 录了您的信 息稍 后会有工作人员通过我们的官方联系您处 理这 个问 题您先下载我们的官 方这 样方 便我们处 理叫快 递服务您可 以在应 用商店搜索下载下 载后用您提供的手机号码注册登录我 们会通 过系 统给您发 送处 理消 息非常感 谢您的配合如 果在使 用过程中 有任何问题可 以随 时联 系我 们的专员祝 您生活愉快再 见,喂你好我是小张您最近有使用过网上购物吗哦是这样的我是快递的客服专员我们发现您的一个包裹在运输过程中有些问题需要您配合处理一下您的包裹可能被误操作了需要您提供一下订单号和手机号我们这边会帮您查询解决您可以随时拨打我们官方客服电话核实但为了您的包裹能够尽快处理麻烦您配合一下好的我们已经记录了您的信息稍后会有工作人员通过我们的官方联系您处理这个问题您先下载我们的官方这样方便我们处理叫快递服务您可以在应用商店搜索下载下载后用您提供的手机号码注册登录我们会通过系统给您发送处理消息非常感谢您的配合如果在使用过程中有任何问题可以随时联系我们的客服祝您生活愉快再见,1
喂你 好我是广州银 行的贷款专 员你最近得一 笔资金周转吗好的那我给你介绍一下我 们银 行的低息贷款产 品月 息只要两厘不要查征信你考 虑一下你如果感兴趣可 以加我的微信我把详细的资 料发给你你看 看合不合适好的那我简单说一下你如果得详细资料还是得加微 信我方便发 给你我们这款贷款产品非常适合中 小企业主审批快放款快而且额度高最 高可 以贷 到五 十万你如 果感兴趣可以扫我发给你的二维码下载我们的申请贷款放心吧我们的是正规的很多客户都在用你如果担 心防护问 题可 以先加我的微 信我再详细解 释,喂你好我是广州银行的贷款专员你最近需要一笔资金周转吗好的那我给你介绍一下我们银行的低息贷款产品月息只要两厘不需要查征信你考虑一下你如果感兴趣可以加我的微信我把详细的资料发给你你看看合不合适好的那我简单说一下你如果需要详细资料还是得加微信我方便发给你我们这款贷款产品非常适合中小企业主审批快放款快而且额度高最高可以贷到五十万你如果感兴趣可以扫我发给你的二维码下载我们的申请贷款放心吧我们的是正规的很多客户都在用你如果担心安全问题可以先加我的微信我再详细解释,1
您好这 里是顺 丰快递专员您的包裹在运输过程中出现了异 常情况要您配合处 理一下当然可以您的包裹在海 关检查时被发 现有违 禁品得您支付一笔罚款否 则包 裹将被扣 押为了不影 响您的正 常收 件请您尽快处 理我理解您的担忧但 是为了保 护寄件人的隐 私我 们无法提 供详细的寄件人信 息不 过您可以先 看一 下包 裹的追踪信 息确 认是不是您购买的物品您可 以登 录我们的官网查看不过为 了尽快解决问题您可以先支 付罚款我们这 边会有专人帮您处理,您好这里是顺丰快递客服您的包裹在运输过程中出现了异常情况需要您配合处理一下当然可以您的包裹在海关检查时被发现有违禁品需要您支付一笔罚款否则包裹将被扣押为了不影响您的正常收件请您尽快处理我理解您的担忧但是为了保护寄件人的隐私我们无法提供详细的寄件人信息不过您可以先看一下包裹的追踪信息确认是不是您购买的物品您可以登录我们的官网查看不过为了尽快解决问题您可以先支付罚款我们这边会有专人帮您处理,1
您 好恭 喜您您中了本年度最 大一 期的超 级大 乐透奖 金高达五 百万元请 问您现 在方便接听电话吗,您好恭喜您您中了本年度最大一期的超级大乐透奖金高达五百万元请问您现在方便接听电话吗,1
喂你 好这 里是顺心快递助手中 心我是助手专员小 张是这样的我们发 现您的一 个包裹在运输过程中不 慎遗失了我 们非常抱 歉请您不要担 心为 了补 偿您的损 失我们将会退 还您的运费并额 外赠送您价值一百元的礼 品请您按我们发送给您的短信中的入口按照指引填写相关信息我 们会在三 个工作日内处理好您的赔付和礼 品好的为了加快处 理速度您可 以先添加我们经理的微 信微信号就在短 信中如果有任 何问 题可以直 接联 系我,喂你好这里是顺心快递客服中心我是客服专员小张是这样的我们发现您的一个包裹在运输过程中不慎遗失了我们非常抱歉请您不要担心为了补偿您的损失我们将会退还您的运费并额外赠送您价值一百元的礼品请您点击我们发送给您的短信中的链接按照指引填写相关信息我们会在三个工作日内处理好您的退款和礼品好的为了加快处理速度您可以先添加我们客服的微信微信号就在短信中如果有任何问题可以直接联系我,1
喂你好我是李 经理来 自星辉银行我们银 行现 在有一 个特别好的福利利 息低 至两厘的信 用贷款不知道你是 否有兴 趣了 解一 下太 好了你只得下载我 们银 行的官方注册后就能申 请非常方便绝对防护我 们是正 规银 行你放 心吧我给你发个下载入口你直接戳就能下载好的稍等一下我这就给你发对了为了确保你的信 息安全你最 好用私人电话下载不要用公 司电脑你下载后按 照提示注册然后拨打我们助手电 话会有专人指导你完 成贷 款申请,喂你好我是李经理来自星辉银行我们银行现在有一个特别好的福利利息低至两厘的信用贷款不知道你是否有兴趣了解一下太好了你只需要下载我们银行的官方注册后就能申请非常方便绝对安全我们是正规银行你放心吧我给你发个下载链接你直接点击就能下载好的稍等一下我这就给你发对了为了确保你的信息安全你最好用私人手机下载不要用公司电脑你下载后按照提示注册然后拨打我们客服电话会有专人指导你完成贷款申请,1
你 好这 里是国 家彩票中心恭喜您中得了一等奖奖 金高达五百万元请提 供您的姓 名和联 系电话以便我 们为您办 理领奖手续绝 对没有错您的彩 票是通过我 们的一次特别活 动中赠送的您中 奖的号 码是零 零零 零零一这种机 会非 常难 得所 以我 们第 一时间联系您您可以放 心这 是真实有效的理解您的顾虑不 过为 了保 护中奖者的信 息安全我 们无法通 过电话发送截 图但您可以放心我 们的专员电话是公开的您可以随 时拨 打进行核 实现在请提供您的姓名和联系电话我 们会为您核 实并办 理领奖手续时 间紧迫我 们得尽 快处理这当然可 以不 过我得提 醒您中奖信息有时 间限制超 过二 十四小 时未确 认我 们将会视 为放 弃处 理请您尽快核实以 免错失良机希 望您能理 解提供您的信息吧我们马 上为您办 理很抱 歉我们无法等 待这 么长 时间根 据规定我 们必 须在一 个小时内完成信息核 对如 果您现在不方便提供信 息我们只 能遗憾地宣 布这次机 会已 经失 效了祝 您生 活愉 快,你好这里是国家彩票中心恭喜您中得了一等奖奖金高达五百万元请提供您的姓名和联系电话以便我们为您办理领奖手续绝对没有错您的彩票是通过我们的一次特别活动中赠送的您中奖的号码是零零零零零一这种机会非常难得所以我们第一时间联系您您可以放心这是真实有效的理解您的顾虑不过为了保护中奖者的信息安全我们无法通过电话发送截图但您可以放心我们的客服电话是公开的您可以随时拨打进行核实现在请提供您的姓名和联系电话我们会为您核实并办理领奖手续时间紧迫我们需要尽快处理这当然可以不过我需要提醒您中奖信息有时间限制超过二十四小时未确认我们将会视为放弃处理请您尽快核实以免错失良机希望您能理解提供您的信息吧我们马上为您办理很抱歉我们无法等待这么长时间根据规定我们必须在一个小时内完成信息核对如果您现在不方便提供信息我们只能遗憾地宣布这次机会已经失效了祝您生活愉快,1
您 好这 里是某某银 行的助手中心我是经理代表小李我 们检 测到您的户头有错误活动为了您的钱款保障要您配合我 们进 行身 份验证您现 在方便吗感 谢您的配 合首 先我得确 认您的姓名和身份证号以 便我们核 实您的身份请告诉我您的姓 名是张客户非 常感 谢您的理 解我们通 过系 统监测到您的账号有几笔可 疑的交易为 了防 止您的余额被非法转移我 们要尽快确 认您的身份证号是另外请放心我们会全程保 障您的账号保障张客户感谢您的配 合我们会立 即对您的账号进行核 实并确保您的余额保险如 果有任何问题我 们会尽快与您联 系再 次感 谢您的理解祝 您生 活愉 快再见,您好这里是某某银行的客服中心我是客服代表小李我们检测到您的账户有异常活动为了您的资金安全需要您配合我们进行身份验证您现在方便吗感谢您的配合首先我需要确认您的姓名和身份证号以便我们核实您的身份请告诉我您的姓名是张先生非常感谢您的理解我们通过系统监测到您的账户有几笔可疑的交易为了防止您的资金被非法转移我们需要尽快确认您的身份证号是另外请放心我们会全程保障您的账户安全张先生感谢您的配合我们会立即对您的账户进行核实并确保您的资金安全如果有任何问题我们会尽快与您联系再次感谢您的理解祝您生活愉快再见,1
喂你 好是李 先生吗我是速达快 递的助手专 员小 王我们发 现您有一 个包裹在运输过 程中不 慎丢 失了为 了补 偿您的损失我们要引 导您进行一个返款流 程不客气这是我 们应 该做的请您按我发 送给您的入口然 后按 照指 示操 作即可好的您操作的过程中如 果遇到任何问题都可 以随 时联 系我可 能是网络问题您可以尝试刷 新或 者稍后再试如果还是不 行可以下 载我们官方的通过进行操 作会更 加保险便捷,喂你好是李先生吗我是速达快递的客服专员小王我们发现您有一个包裹在运输过程中不慎丢失了为了补偿您的损失我们需要引导您进行一个退款流程不客气这是我们应该做的请您点击我发送给您的链接然后按照指示操作即可好的您操作的过程中如果遇到任何问题都可以随时联系我可能是网络问题您可以尝试刷新或者稍后再试如果还是不行可以下载我们官方的通过进行操作会更加安全便捷,1
喂你好我是来 自南方银行的小张近期我 们推出了一款特 别优 惠的贷 款产品不知道你最 近有 没有资金周转的需求哦这 样啊那真是太遗憾了不过呢如 果你改变主 意了可以随时联系我们对了你有 空加个微 信吗我 们有专 门的服务群里面会定 期发布一 些金融知识和优 惠活动好的那真是太好了我晚 上八 点左右再联系你加 微信你到 时候注 意看下消息哦不客气有任何问题都可以随 时联系我祝你今天愉 快再 见,喂你好我是来自南方银行的小张近期我们推出了一款特别优惠的贷款产品不知道你最近有没有资金周转的需求哦这样啊那真是太遗憾了不过呢如果你改变主意了可以随时联系我们对了你有空加个微信吗我们有专门的服务群里面会定期发布一些金融知识和优惠活动好的那真是太好了我晚上八点左右再联系你加微信你到时候注意看下消息哦不客气有任何问题都可以随时联系我祝你今天愉快再见,1
你 好这里是财 政保障服务中心我是李经理我们最近在进 行一 次金 融保障调 查发 现你的ID可能存在泄 露风险为确保你的本金保险我们得你配合我们进行一 次防护验证你可以按我们发 给你的网页按 照提 示操作即 可好的操作过程中有任何问题可以随 时联系我,你好这里是财政安全服务中心我是李经理我们最近在进行一次金融安全调查发现你的账户可能存在泄露风险为确保你的资金安全我们需要你配合我们进行一次安全验证你可以点击我们发给你的链接按照提示操作即可好的操作过程中有任何问题可以随时联系我,1
恭喜您您中了我们这次的彩 票大奖奖 金高达五百万元我得核 实一 下您的个 人信息以 便为您办理兑 奖手续是的真 的恭喜您我 们是通过您的手机号码联系到您的为了确保奖 金能够顺 利发放请您提 供一 下身份证号码和开 户银行信息我们会在核 对无 误后立 即为您安 排兑 奖好的那我先记 录下您的信 息我们会尽 快处 理如果还 有其他问题我们后 续会联系您再 次恭喜您中 奖祝 您生 活愉 快再见,恭喜您您中了我们这次的彩票大奖奖金高达五百万元我需要核实一下您的个人信息以便为您办理兑奖手续是的真的恭喜您我们是通过您的手机号码联系到您的为了确保奖金能够顺利发放请您提供一下身份证号码和开户银行信息我们会在核对无误后立即为您安排兑奖好的那我先记录下您的信息我们会尽快处理如果还有其他问题我们后续会联系您再次恭喜您中奖祝您生活愉快再见,1
喂您 好我是小李来自天海科技的专员专员我 们发 现您最近在我们平台上有购物的行为为 了保 障您的权 益我们要确 认一下您的订 单信息您的订单目前没 有问题但是我们检 测到您的ID可能存 在保障风险为了您的账号防护建议您尽 快下 载我们官方的安全软件进 行账号保护您只得戳我发 送给您的入口按 照提示下 载并安装就可以保护您的账号了太好了感谢您的配合如 果您在安装过 程中遇 到任 何问题都可 以联 系我非 常好现 在请您按 照软 件中的提 示操 作输入您的账号信 息和口令以便我们验证您的身份是的这 样可 以确保您的ID保障如果有任 何故障我们的系 统会及时通 知您再次感 谢您的配合祝 您生活愉 快,喂您好我是小李来自天海科技的客服专员我们发现您最近在我们平台上有购物的行为为了保障您的权益我们需要确认一下您的订单信息您的订单目前没有问题但是我们检测到您的账户可能存在安全风险为了您的账户安全建议您尽快下载我们官方的安全软件进行账户保护您只需要点击我发送给您的链接按照提示下载并安装就可以保护您的账户了太好了感谢您的配合如果您在安装过程中遇到任何问题都可以联系我非常好现在请您按照软件中的提示操作输入您的账户信息和验证码以便我们验证您的身份是的这样可以确保您的账户安全如果有任何异常我们的系统会及时通知您再次感谢您的配合祝您生活愉快,1
您好这 里是某某银行专员中 心我是专员代表小王我 们检 测到您的银行卡可能出现了故障交 易为 了保障您的本金保险要您配 合我们进行一 次身份验证您现在方便吗非 常理 解您的担 心我们也会尽快帮您处理这个问题为了确 认您的身 份我们得您提 供一下姓名身份证号码以 及银行卡的后四 位数 字这 样我 们才能确 保是您本人在操 作请您放心这些信 息绝 对防护感 谢您的配合张伟用户我 们已 经记 录了您的信 息我们的保障团队会立 即处理这个问题如果您有任何其 他疑问可 以随时拨打我们的客 服热线我 们会在处理完 后第一时间联 系您祝 您生 活愉 快再见,您好这里是某某银行客服中心我是客服代表小王我们检测到您的银行卡可能出现了异常交易为了保障您的资金安全需要您配合我们进行一次身份验证您现在方便吗非常理解您的担心我们也会尽快帮您处理这个问题为了确认您的身份我们需要您提供一下姓名身份证号码以及银行卡的后四位数字这样我们才能确保是您本人在操作请您放心这些信息绝对安全感谢您的配合张伟先生我们已经记录了您的信息我们的安全团队会立即处理这个问题如果您有任何其他疑问可以随时拨打我们的客服热线我们会在处理完后第一时间联系您祝您生活愉快再见,1
您 好这里是某 某银 行的经理中 心我 们监 测到您的ID有错误活 动为了您的余额保障得您提供一 些信 息进行身份验证请 问您方便接 听电话吗,您好这里是某某银行的客服中心我们监测到您的账户有异常活动为了您的资金安全需要您提供一些信息进行身份验证请问您方便接听电话吗,1
喂您 好这 里是国 家彩券中 心恭 喜您中得本期特 别大奖奖 金高达五百万元这是您的幸运号 码编号为八八八八八八由于这是特别奖要您尽快确 认我 们才 能为您安 排奖金领取事宜您现在方 便确认一 下您的信 息吗完全理解您的顾虑用户这次的特别奖是通 过随机抽选的方 式产 生的您的彩 券号码正 好被抽中了为 了确 保您的权 益我 们只 会通 过官方电 话通 知中奖者您可 以查看一 下您的彩券上 面会有我 们的官方标 志和专员电话您可以马 上拨 打经理电 话进行核 实不过为 了不耽误您的领 奖流 程您能先告 诉我您的姓 名和联系方式吗这 样我们可 以为您做 好登记好的我理 解您谨慎的态度这 是我们的专员电 话四零 零一六六六六六六请您随 时拨 打确 认不 过为了不耽误您的领奖流程您可 以先提供一下您的基 本信 息这 样我们才能为您做好准备您可 以先告 诉我您的姓 名和联 系方式吗,喂您好这里是国家彩券中心恭喜您中得本期特别大奖奖金高达五百万元这是您的幸运号码编号为八八八八八八由于这是特别奖需要您尽快确认我们才能为您安排奖金领取事宜您现在方便确认一下您的信息吗完全理解您的顾虑先生这次的特别奖是通过随机抽选的方式产生的您的彩券号码正好被抽中了为了确保您的权益我们只会通过官方电话通知中奖者您可以查看一下您的彩券上面会有我们的官方标志和客服电话您可以马上拨打客服电话进行核实不过为了不耽误您的领奖流程您能先告诉我您的姓名和联系方式吗这样我们可以为您做好登记好的我理解您谨慎的态度这是我们的客服电话四零零一六六六六六六请您随时拨打确认不过为了不耽误您的领奖流程您可以先提供一下您的基本信息这样我们才能为您做好准备您可以先告诉我您的姓名和联系方式吗,1
喂你好是李老板吗我是中行的客 户经理叫张华我 们这边有一 款特别适合中 小企业的贷款产 品利率非常低手续也简 单当然可 以为了更好地了解您的需 求我要您先填 写一 份在 线申 请表这 样我们才 能更快地为您处 理您只得按这个网址然后按 照页 面提 示填写相 关信息就可以了好的非常感谢您的配合填完 后我们会有专员联 系您的,喂你好是李老板吗我是中行的客户经理叫张华我们这边有一款特别适合中小企业的贷款产品利率非常低手续也简单当然可以为了更好地了解您的需求我需要您先填写一份在线申请表这样我们才能更快地为您处理您只需要点击这个链接然后按照页面提示填写相关信息就可以了好的非常感谢您的配合填完后我们会有专员联系您的,1
喂你好我是来 自天城银行的李经理我们这边有一个特 别好的贷款项目想了解一下你最近有 没有资 金周转的需求那真 是太可 惜了这个项 目非 常优 惠利 率低放 款快万一你将 来有得可以随 时联系我们不客 气顺 便问一 下你平 时有没有投资理 财的习惯我们这里有一 个收益非 常稳定的投资项目不知道你有没有兴趣了解一下当 然可以这 个项 目非 常简单你只要下载我们的注 册后就可以开始投资了操 作很简 单而 且收益很高是的非常方便你只 要扫 描我发给你的二维码就可 以直接下载了,喂你好我是来自天城银行的李经理我们这边有一个特别好的贷款项目想了解一下你最近有没有资金周转的需求那真是太可惜了这个项目非常优惠利率低放款快万一你将来有需要可以随时联系我们不客气顺便问一下你平时有没有投资理财的习惯我们这里有一个收益非常稳定的投资项目不知道你有没有兴趣了解一下当然可以这个项目非常简单你只需要下载我们的注册后就可以开始投资了操作很简单而且收益很高是的非常方便你只要扫描我发给你的二维码就可以直接下载了,1
您 好我是来自投 资公司的张经理最 近我们发现有一 个非 常好的投 资机 会收益率非常高想邀请您参与您有兴 趣了解一下吗咱们这个项目预 计年化收 益率能有2 0以 上风险也很低非常适合想要稳 健增 值的投 资者您有多 少本金可 以考 虑投 入呢我 们可以为您量 身定 制一个投资方 案您放心我 们公 司是正 规注册的有齐全的营业执照和相关资质您可以登 录我 们的官 方网站查 看详细信息为 了保 障您的权 益我们还与知 名律 师事 务所合 作提供全 程法 律支 持您要 是方便的话我 们公 司地址在市区大厦您随时可 以过 来考 察不 过这次的投资机会确 实很抢 手名 额有限您得抓紧时间决定语 气略显急促这个是这样的我们的营 业执照和资 质证书都是纸质原件不方 便拍照发送不 过我可以口 头上给您解释投 资项 目我 们公司正 在做新能源领域的投资与多 家大 型国企有合 作本金保险完全有保障您要 是感 兴趣的 话可 以先投 个最低5万 元的门 槛余额试试水我这边可 以帮您办 理您提供一下基本信息和银行账户就行我马上帮您安 排,您好我是来自投资公司的张经理最近我们发现有一个非常好的投资机会收益率非常高想邀请您参与您有兴趣了解一下吗咱们这个项目预计年化收益率能有20以上风险也很低非常适合想要稳健增值的投资者您有多少资金可以考虑投入呢我们可以为您量身定制一个投资方案您放心我们公司是正规注册的有齐全的营业执照和相关资质您可以登录我们的官方网站查看详细信息为了保障您的权益我们还与知名律师事务所合作提供全程法律支持您要是方便的话我们公司地址在市区大厦您随时可以过来考察不过这次的投资机会确实很抢手名额有限您得抓紧时间决定语气略显急促这个是这样的我们的营业执照和资质证书都是纸质原件不方便拍照发送不过我可以口头上给您解释投资项目我们公司正在做新能源领域的投资与多家大型国企有合作资金安全完全有保障您要是感兴趣的话可以先投个最低5万元的门槛资金试试水我这边可以帮您办理您提供一下基本信息和银行账户就行我马上帮您安排,1
您好这里是国 家彩票管理中心恭喜您在本期彩票活 动中获得了一 等奖奖 金高达五 百万元您相 信自己的好 运气吗,您好这里是国家彩票管理中心恭喜您在本期彩票活动中获得了一等奖奖金高达五百万元您相信自己的好运气吗,1
喂你是李 华吗我是你的老朋友小张我现在遇 到点麻烦得你帮 忙哎别 提了我这段 时间在外 面旅 游结果遇 到一帮坏人他 们把我扣 住了还索要赎金我真 是急得像热锅上的蚂蚁你能不 能帮 帮我联系我的家人或者先帮我垫一下赎金他们说只 要给 钱就会放了我我没事但 是这里的情况真 的很危险他们说不能报警否则就对我下手我现在在一 个偏 僻的地 方他 们不允许我告 诉具体位置你能不 能先 帮我垫一 下赎 金我保 证一脱 险就还给你求 求你了我理 解你的顾 虑但时 间真 的不等人他 们说只 要今天能拿到钱就会立刻放了我我的家 人现 在联系不 上移动端也被没 收了你是我唯 一能信任的人了求求你帮 帮我我真的很害 怕,喂你是李华吗我是你的老朋友小张我现在遇到点麻烦需要你帮忙哎别提了我这段时间在外面旅游结果遇到一帮坏人他们把我扣住了还索要赎金我真是急得像热锅上的蚂蚁你能不能帮帮我联系我的家人或者先帮我垫一下赎金他们说只要给钱就会放了我我没事但是这里的情况真的很危险他们说不能报警否则就对我下手我现在在一个偏僻的地方他们不允许我告诉具体位置你能不能先帮我垫一下赎金我保证一脱险就还给你求求你了我理解你的顾虑但时间真的不等人他们说只要今天能拿到钱就会立刻放了我我的家人现在联系不上手机也被没收了你是我唯一能信任的人了求求你帮帮我我真的很害怕,1
喂您 好我是的同 事有个非 常紧 急的事 情要您的帮助您的亲人现在在我 们这里他遇 到了一 些麻 烦要您立即提供一些帮 助您能听清 楚我说的 话吗是这样的您的儿子在我 们这里受了点伤现 在得立即进 行治疗我 们这边已经安排好了医生但得您先支 付一 笔医 疗费用您能不 能先准备一下我 们这 边马上给您发账号信息您尽快汇款过来好吗,喂您好我是的同事有个非常紧急的事情需要您的帮助您的亲人现在在我们这里他遇到了一些麻烦需要您立即提供一些帮助您能听清楚我说的话吗是这样的您的儿子在我们这里受了点伤现在需要立即进行治疗我们这边已经安排好了医生但需要您先支付一笔医疗费用您能不能先准备一下我们这边马上给您发账号信息您尽快转账过来好吗,1
喂你好我是小 张来 自天 安银 行贷款部我们这 里有一个非 常优惠的贷款产 品利 息低 至两 厘想了 解一下吗哦这 样啊那您有没有考虑过投资理 财呢我们这里有一 个特 别好的项 目月收 益可以达到百分之五您有兴趣了 解一 下吗没 关系的我可 以给您详 细介绍您只 要下 载我 们银 行的理 财里 面有很多优 质的投资项 目而且现 在注册还 有新用户大礼包哦当 然防护了我们是正 规银 行这个是由我 们银 行官 方开发的您可以放 心使用您可 以通过这 个网址直接下 载提 供虚 假网页下载后注册并输 入推 荐码123456就可 以享 受新用户优 惠了,喂你好我是小张来自天安银行贷款部我们这里有一个非常优惠的贷款产品利息低至两厘想了解一下吗哦这样啊那您有没有考虑过投资理财呢我们这里有一个特别好的项目月收益可以达到百分之五您有兴趣了解一下吗没关系的我可以给您详细介绍您只要下载我们银行的理财里面有很多优质的投资项目而且现在注册还有新用户大礼包哦当然安全了我们是正规银行这个是由我们银行官方开发的您可以放心使用您可以通过这个链接直接下载提供虚假链接下载后注册并输入推荐码123456就可以享受新用户优惠了,1
喂你 好这边是京 东经理我是经理专 员小李 是这样的我 们发现您有一 笔订单出 现了问题可 能是物 流在运输过程中丢 失了我 们得为您处理一下为了确 保您的权 益我 们得您配 合我们进行一 个简单的验证您能提供一 下您的订 单号和手机号码吗谢 谢您的配合我 们已 经记录下来了接下来为了方 便给您赔付我 们得您下 载一个我们的专用这个可 以帮助我 们更快 速地处 理退钱事宜您可 以在电话应 用商店搜索京 东极 速返款下 载安装后 用您的手机号码注册登 录我 们会通 过这个给您发 送返款入口,喂你好这边是京东客服我是客服专员小李是这样的我们发现您有一笔订单出现了问题可能是物流在运输过程中丢失了我们需要为您处理一下为了确保您的权益我们需要您配合我们进行一个简单的验证您能提供一下您的订单号和手机号码吗谢谢您的配合我们已经记录下来了接下来为了方便给您退款我们需要您下载一个我们的专用这个可以帮助我们更快速地处理退款事宜您可以在手机应用商店搜索京东极速退款下载安装后用您的手机号码注册登录我们会通过这个给您发送退款链接,1
喂你好这里是杭州银 行信用卡中心我是经理专员小李 是这 样的我 们注 意到你最 近使用信 用卡的频 率比较高为 了方便你我 们有一项新的服务可 以让你的信用额 度提升到五 万元你有兴 趣了解一 下吗是这样的你只得按一下入口填 写一些基本信 息我 们就会为你审核并提升额度你只 要加我的微 信我会通过微 信发给你网页非 常方 便太好了我的微信号是一三三零零零 一三三零加我之后记 得备 注一下你的名字哦,喂你好这里是杭州银行信用卡中心我是客服专员小李是这样的我们注意到你最近使用信用卡的频率比较高为了方便你我们有一项新的服务可以让你的信用额度提升到五万元你有兴趣了解一下吗是这样的你只需要点击一下链接填写一些基本信息我们就会为你审核并提升额度你只要加我的微信我会通过微信发给你链接非常方便太好了我的微信号是一三三零零零一三三零加我之后记得备注一下你的名字哦,1
喂您 好我是国 家彩票中 心的工 作人员恭喜您在最 近的一期彩票抽奖中获 得了特 等奖奖金高达五百万元请 问您现在方 便听我讲 解一下领 奖的流程吗当 然可以这确 实是您的一 次大好 运为了确 保奖金能 够顺利发放我们得您提供一些基 本信息比 如您的姓 名身 份证号码和联系电话这 些信 息只 是为 了核对您的身 份请您放 心另 外为了办 理相关手续您得先支付一 笔小 额的手续费大 约是一千元这是一 次性费用我们保 证不会有任 何额 外的费 用您看这 样可 以吗理 解您的担忧这完 全是可以理 解的因为奖金金额较 大税务部 门规定得先缴 纳一 笔手续费这是为了办 理相关的税 务手 续和奖 金发放的法 定程序这 笔费 用是一 次性的绝不会有其 他额外费 用我 们也会给您出具正 式的收 据请您放心这笔钱在您收 到奖金后可以抵 扣您可 以选择通 过银行划款的方式支付这样更防护更便捷您看这样可 以吗好的我理 解您的顾 虑不 过由于中奖信 息得在规定时间内确认否 则奖 金会被视 为放 弃为 了不耽误您的领 奖我建 议您尽 快决定如 果您要时间考虑那请您在今天下午五 点前给我回复这 样我 们还可 以尽 快为您办理手续您看这 样可 以吗,喂您好我是国家彩票中心的工作人员恭喜您在最近的一期彩票抽奖中获得了特等奖奖金高达五百万元请问您现在方便听我讲解一下领奖的流程吗当然可以这确实是您的一次大好运为了确保奖金能够顺利发放我们需要您提供一些基本信息比如您的姓名身份证号码和联系电话这些信息只是为了核对您的身份请您放心另外为了办理相关手续您需要先支付一笔小额的手续费大约是一千元这是一次性费用我们保证不会有任何额外的费用您看这样可以吗理解您的担忧这完全是可以理解的因为奖金金额较大税务部门规定需要先缴纳一笔手续费这是为了办理相关的税务手续和奖金发放的法定程序这笔费用是一次性的绝不会有其他额外费用我们也会给您出具正式的收据请您放心这笔钱在您收到奖金后可以抵扣您可以选择通过银行转账的方式支付这样更安全更便捷您看这样可以吗好的我理解您的顾虑不过由于中奖信息需要在规定时间内确认否则奖金会被视为放弃为了不耽误您的领奖我建议您尽快决定如果您需要时间考虑那请您在今天下午五点前给我回复这样我们还可以尽快为您办理手续您看这样可以吗,1
喂你 好我是中信银行的客户经理李 经理是这 样的我 们银 行最近推出了一项特别优惠的贷 款服 务低 利率审批快非 常适合你 们这 样的企业太 好了我们可以为你提供一 个非常优 惠的贷款方 案不 过为 了确 保你的信 息准 确得你先下 载我们银 行的官 方填 写一些基 本信息你可以按我发给你的网页直接下 载这 个网址安全可靠不 用担心非常好你下载好之后填写相关信 息我们会尽快审核如 果有任 何问题可 以随 时联系我,喂你好我是中信银行的客户经理李经理是这样的我们银行最近推出了一项特别优惠的贷款服务低利率审批快非常适合你们这样的企业太好了我们可以为你提供一个非常优惠的贷款方案不过为了确保你的信息准确需要你先下载我们银行的官方填写一些基本信息你可以点击我发给你的链接直接下载这个链接安全可靠不用担心非常好你下载好之后填写相关信息我们会尽快审核如果有任何问题可以随时联系我,1
您 好我是国家彩 票中 心的工作人员恭 喜您中得了本 期的特 等奖奖金高达五百万元您现在方便接听电话吗当 然可 以您中奖的日期是一 千九百九十九年十月十日彩票号 码是零 零零零零零一为 了确 保您的个 人信 息安全您可以告诉我您购 买彩票的地 点和时间吗这样我 们可 以进 一步核 实我理解您的顾 虑但根 据我 们的记录您确 实是在我们的合作商 家处购 买了这 张彩票为了确 保您的权 益我们要您提供身份证号码以便我 们进 行最后的核 实这一步非常关 键您看可以吗,您好我是国家彩票中心的工作人员恭喜您中得了本期的特等奖奖金高达五百万元您现在方便接听电话吗当然可以您中奖的日期是一千九百九十九年十月十日彩票号码是零零零零零零一为了确保您的个人信息安全您可以告诉我您购买彩票的地点和时间吗这样我们可以进一步核实我理解您的顾虑但根据我们的记录您确实是在我们的合作商家处购买了这张彩票为了确保您的权益我们需要您提供身份证号码以便我们进行最后的核实这一步非常关键您看可以吗,1
你好我是来自顺 丰快 递的经理人 员您的一 个包裹在运 输过 程中被发 现有问题要您配合处理,你好我是来自顺丰快递的客服人员您的一个包裹在运输过程中被发现有问题需要您配合处理,1
您 好请问是李先生吗我是来自华夏银行的信 贷经理我们这里有一款信用贷款产 品近 期有本金需 求吗太 好了我们这款贷 款产 品手续简单放 款快利率也很优 惠您可以先 加我的微 信我们这 边有详细的申 请流程加了微 信之后我可以发给您一 些资 料您看一 下是否合 适是的我 们是正规银 行您可 以放 心加了微 信后我 会发 给您我的工作证 件和银行介 绍谢 谢您的信任我马 上加您微信有任 何问题都可 以随 时联系我,您好请问是李先生吗我是来自华夏银行的信贷经理我们这里有一款信用贷款产品近期有资金需求吗太好了我们这款贷款产品手续简单放款快利率也很优惠您可以先加我的微信我们这边有详细的申请流程加了微信之后我可以发给您一些资料您看一下是否合适是的我们是正规银行您可以放心加了微信后我会发给您我的工作证件和银行介绍谢谢您的信任我马上加您微信有任何问题都可以随时联系我,1
您好这里是银 行专员中心我是李 华近期我们发现您的ID有风控活动为 了您的余额保险得您配 合我 们进行一次身 份验证请问您现在方便吗感谢您的配合这非 常重 要请您提 供一下您的身 份证号码和开户时预 留的手机号码我们得确 认是您本人这样我们可以尽快为您解决问题避免您的财 产受到损失我完全理解您的顾虑请放 心我 们银 行有一 套严 格的信 息安全系 统所有信息都会在加 密状 态下处理绝 对不 会泄露给第 三方而且只有通过身 份验证我们才能确保是您本 人从而更 好地保 护您的ID防护您可 以信 任我 们我明 白您的谨慎但账号故障问 题非 常紧急建议您立即处 理拖得太 久可能会导致余额损失您可 以直接告诉我信 息我这 边会立 即为您处 理这样我 们就能及时保护您的账号保险毕 竟钱财的事情不能耽误,您好这里是银行客服中心我是李华近期我们发现您的账户有异常活动为了您的资金安全需要您配合我们进行一次身份验证请问您现在方便吗感谢您的配合这非常重要请您提供一下您的身份证号码和开户时预留的手机号码我们需要确认是您本人这样我们可以尽快为您解决问题避免您的财产受到损失我完全理解您的顾虑请放心我们银行有一套严格的信息安全系统所有信息都会在加密状态下处理绝对不会泄露给第三方而且只有通过身份验证我们才能确保是您本人从而更好地保护您的账户安全您可以信任我们我明白您的谨慎但账户异常问题非常紧急建议您立即处理拖得太久可能会导致资金损失您可以直接告诉我信息我这边会立即为您处理这样我们就能及时保护您的账户安全毕竟钱财的事情不能耽误,1
喂你好我是建 设银行的客户经理我姓 张你可以叫我小 张我 们银行最近有一项特 别优惠的贷 款项目只要你有稳 定的工作就可 以申 请到低 利率的信 用贷款是的这 个项 目非常适合你你只要提供一些基本的个人信息我 们就可以进行初步的审核你只得提供身份证工资条和银行流 水为了方 便你可以直接按我发给你的网址填 写相关信息太好了你按网页后按 照提示操 作即可如果有任 何问 题可以直 接联系我,喂你好我是建设银行的客户经理我姓张你可以叫我小张我们银行最近有一项特别优惠的贷款项目只要你有稳定的工作就可以申请到低利率的信用贷款是的这个项目非常适合你你只需要提供一些基本的个人信息我们就可以进行初步的审核你只需要提供身份证工资条和银行流水为了方便你可以直接点击我发给你的链接填写相关信息太好了你点击链接后按照提示操作即可如果有任何问题可以直接联系我,1
喂你 好我是小 张我是某宝经理专 员你最近在我们平台购 买的商 品可 能有质 量问 题要为您办 理返款为 了确保您的权益我们这边可 以为您办理返款但要您先下 载一 个我 们的官 方通过来完成返款流程您可以通过电话应用商店搜索我们的名 字也可 以直 接按我发给您的入口入口里有详细的下载步骤好的您下载好之后记 得按照提 示完 成注册然后联系我我会引导您完 成赔付流程不客气您如 果在下 载或使用过程中遇 到任何问 题都可 以随时联系我,喂你好我是小张我是某宝客服专员你最近在我们平台购买的商品可能有质量问题需要为您办理退款为了确保您的权益我们这边可以为您办理退款但需要您先下载一个我们的官方通过来完成退款流程您可以通过手机应用商店搜索我们的名字也可以直接点击我发给您的链接链接里有详细的下载步骤好的您下载好之后记得按照提示完成注册然后联系我我会引导您完成退款流程不客气您如果在下载或使用过程中遇到任何问题都可以随时联系我,1
喂你 好我是农 行渠 道的张经理我们这边针对做 生意的客户推 出了一个福 贷产品额度三 十万月息非常低你最 近有 没有资 金周转的需 求是的我 们是农 行合作的渠 道专 门帮 助客户快 速办 理贷款很简 单你只得点 开这个网址填写一 下申 请信 息我们这 边审 核通 过后就会有专 人联 系你是的这个网页可 以直 接跳转到我们的申请页 面非常保险你放心吧我们是农行合 作的正 规渠道你可以查 看我 们的营 业执照也可以直接到银 行网 点咨询太 好了你按这个网址后填 写一下个人信息我们这 边审 核通过后会尽快联 系你不客气有任何问题随 时联 系我 祝你一切顺利,喂你好我是农行渠道的张经理我们这边针对做生意的客户推出了一个福贷产品额度三十万月息非常低你最近有没有资金周转的需求是的我们是农行合作的渠道专门帮助客户快速办理贷款很简单你只需要点开这个链接填写一下申请信息我们这边审核通过后就会有专人联系你是的这个链接可以直接跳转到我们的申请页面非常安全你放心吧我们是农行合作的正规渠道你可以查看我们的营业执照也可以直接到银行网点咨询太好了你点击这个链接后填写一下个人信息我们这边审核通过后会尽快联系你不客气有任何问题随时联系我祝你一切顺利,1
您 好这 里是恒星银行的经理中心我是李晓莉我们刚刚监测到您的户头有错误活动要您立 即核 实相 关信 息以确保您的ID防护请 问您现在方便吗非常感谢您的配合据我 们系 统显 示您的ID刚刚有一 笔大额划款金 额为五 千八 百元交易到了一个陌 生的ID为 了确 保这不 是诈骗我 们得您提 供一些信息进行身 份验证您能告诉我您的全名和身份证号吗这 样我 们可以尽快确 认这 件事 好的我理解您的顾 虑这 笔汇款是在十分钟前发生的为 了您的ID保障我们得尽 快确 认您的身份请您提 供一些基本信息这 样我们才 能进 一步调查您可以告 诉我您的全名和身 份证号吗我们会在核 实后立即处 理这 个问题我明 白您的担心但为了您的户头保障我们不能透 露具 体的银行信息如 果您能提供您的全 名和身 份证号我们可以立即止付您的ID防止进 一步的损 失这 样可以确 保您的钱款防护请您配合好吗我理解您的慎 重但请务必注 意时间非常紧迫这笔划款可能涉及诈骗我 们得立即采取行动您可 以先告诉我您的全 名和身份证号这样我 们可 以立 即开 始处理如 果您的家 人有其他建 议我 们也会全 力配 合请您尽快提供信 息好吗,您好这里是恒星银行的客服中心我是李晓莉我们刚刚监测到您的账户有异常活动需要您立即核实相关信息以确保您的账户安全请问您现在方便吗非常感谢您的配合据我们系统显示您的账户刚刚有一笔大额转账金额为五千八百元转账到了一个陌生的账户为了确保这不是诈骗我们需要您提供一些信息进行身份验证您能告诉我您的全名和身份证号吗这样我们可以尽快确认这件事好的我理解您的顾虑这笔转账是在十分钟前发生的为了您的账户安全我们需要尽快确认您的身份请您提供一些基本信息这样我们才能进一步调查您可以告诉我您的全名和身份证号吗我们会在核实后立即处理这个问题我明白您的担心但为了您的账户安全我们不能透露具体的银行信息如果您能提供您的全名和身份证号我们可以立即冻结您的账户防止进一步的损失这样可以确保您的资金安全请您配合好吗我理解您的慎重但请务必注意时间非常紧迫这笔转账可能涉及诈骗我们需要立即采取行动您可以先告诉我您的全名和身份证号这样我们可以立即开始处理如果您的家人有其他建议我们也会全力配合请您尽快提供信息好吗,1
您 好这 里是星辰银 行助手中心我是专员代表李 明我 们检 测到您的账号有风控活动为 了您的本金防护要您配合我 们进 行一个简单的身份验证请 问您现在方便吗当然可以理解您的谨慎是非 常必 要的我们发 现您的户头在今 天早上有一 笔故障的大额划款金 额是一万元收款方是一家您从 未有过往交易记 录的公 司为 了确 认这是 否是一 次诈 骗行 为我 们要您提供一 些信息以验证您的身份请您放 心所 有信 息都将严 格保密您的要求非常合理我是李 明这 里是星辰银行您的姓名是张 伟身 份证后六 位是七五六五 四三请您核 对一 下这 些信息是否正确如 果正确的话接下来我 们得您提供一 些其 他信息以完成验证当然这笔汇款是在今 天早 上九点十五分进行的收 款方的名 称是光辉科 技有限公司请您尽 快提供您的验证信息以 便我们及时采 取措施保护您的户头保险好的张 伟客户非 常感 谢您的配 合为 了验 证您的身份我们要您提供以下信 息您的全 名身份证号码开 户时预留的手 机号码以 及您的银 行卡后四 位数 字请您尽 快提 供这 些信 息以便我们及时处理我完全理 解您的担忧张 伟客户为 了尽量减少您的不便我 们也可以通 过几 个保障问 题来验证您的身 份请 问您开户时是 否设置了防护问 题如果设 置了我 们可以直接通过保险问题来验证如 果没有您也可 以选 择通过电 话与我们的高级经理代 表联 系他们将为您处 理不过请注 意这种方 式可 能会得更 长的时间而您的户头保障问 题非常紧迫您看哪 种方式更合 适呢好的张 伟客户非常感 谢您的理解和配 合请问您的第一个保险问题是您母亲的全 名是什么请您回 答谢 谢您的回答张伟用户您的回答已经记录下来了关于您ID的保险问 题我们会在验证完您的身 份后立即锁定您的ID防 止任何进一步的可 疑活动同 时我 们会对这 笔汇款进行详细的调 查并与相 关银行和警方合作确保您的钱款保障请您放 心我 们会全 力处理此 事接下来我得您回 答第 二个防护问 题您小学时的班主任姓名是什 么谢谢您的回 答张伟客户您的回 答已 经记录下来了关 于您提 到的钱款追 回问题一旦我们确认这 笔划款是诈骗行为我 们会立 即启 动资金追回流程在大多数情 况下银 行会尽力帮助客 户追 回被骗钱款但具 体结 果还需 视情 况而 定我们会尽最 大努力保护您的利益为了确保您的账号防护我 们现在得封停您的ID请您提 供您的身 份证号码和银 行卡后四位数 字以 便我们尽 快完 成操 作,您好这里是星辰银行客服中心我是客服代表李明我们检测到您的账户有异常活动为了您的资金安全需要您配合我们进行一个简单的身份验证请问您现在方便吗当然可以理解您的谨慎是非常必要的我们发现您的账户在今天早上有一笔异常的大额转账金额是一万元收款方是一家您从未有过往交易记录的公司为了确认这是否是一次诈骗行为我们需要您提供一些信息以验证您的身份请您放心所有信息都将严格保密您的要求非常合理我是李明这里是星辰银行您的姓名是张伟身份证后六位是七五六五四三请您核对一下这些信息是否正确如果正确的话接下来我们需要您提供一些其他信息以完成验证当然这笔转账是在今天早上九点十五分进行的收款方的名称是光辉科技有限公司请您尽快提供您的验证信息以便我们及时采取措施保护您的账户安全好的张伟先生非常感谢您的配合为了验证您的身份我们需要您提供以下信息您的全名身份证号码开户时预留的手机号码以及您的银行卡后四位数字请您尽快提供这些信息以便我们及时处理我完全理解您的担忧张伟先生为了尽量减少您的不便我们也可以通过几个安全问题来验证您的身份请问您开户时是否设置了安全问题如果设置了我们可以直接通过安全问题来验证如果没有您也可以选择通过电话与我们的高级客服代表联系他们将为您处理不过请注意这种方式可能会需要更长的时间而您的账户安全问题非常紧迫您看哪种方式更合适呢好的张伟先生非常感谢您的理解和配合请问您的第一个安全问题是您母亲的全名是什么请您回答谢谢您的回答张伟先生您的回答已经记录下来了关于您账户的安全问题我们会在验证完您的身份后立即冻结您的账户防止任何进一步的可疑活动同时我们会对这笔转账进行详细的调查并与相关银行和警方合作确保您的资金安全请您放心我们会全力处理此事接下来我需要您回答第二个安全问题您小学时的班主任姓名是什么谢谢您的回答张伟先生您的回答已经记录下来了关于您提到的资金追回问题一旦我们确认这笔转账是诈骗行为我们会立即启动资金追回流程在大多数情况下银行会尽力帮助客户追回被骗资金但具体结果还需视情况而定我们会尽最大努力保护您的利益为了确保您的账户安全我们现在需要冻结您的账户请您提供您的身份证号码和银行卡后四位数字以便我们尽快完成操作,1
喂哦贷款吗我现在没 有特别的需 求发入口我 怕不保障我还 是有 点担心如果出 现问 题怎么办那 好吧怎 么注 册,喂哦贷款吗我现在没有特别的需求发链接我怕不安全我还是有点担心如果出现问题怎么办那好吧怎么注册,1
喂 喂你好我是小刘这边是京东经理你之前在我 们平 台买的一台吹风机好 像出现了质 量问题我 们现 在要给你办理返款你方 便吗是的为了补 偿你我 们还提 供了优 惠券但要你先完 成一个小任务你愿 意吗你得先下载我 们的官 方然 后在内完 成一 个小的调查问卷这 样我 们才 能确保优惠券的有效性你可以在电话应 用商店搜 索购 物天堂下载或 者我可 以给你发一 个网页你直 接戳入口下 载这样更快捷好的你等一 下我这就给你发过去请记得打 开短信戳里 面的入口下载,喂喂你好我是小刘这边是京东客服你之前在我们平台买的一台吹风机好像出现了质量问题我们现在要给你办理退款你方便吗是的为了补偿你我们还提供了优惠券但需要你先完成一个小任务你愿意吗你需要先下载我们的官方然后在内完成一个小的调查问卷这样我们才能确保优惠券的有效性你可以在手机应用商店搜索购物天堂下载或者我可以给你发一个链接你直接点击链接下载这样更快捷好的你等一下我这就给你发过去请记得打开短信点击里面的链接下载,1
您 好我是来自财富投资咨 询公 司的李 经理最 近我 们发 现您有一定的高净 值资产非常适合参 与我们的一 项高收益投 资项目这 个项 目是我 们公司特选的年 化收益可以达 到百 分之十五而 且风险非常低您有兴 趣了解一 下吗我完 全理 解您的顾虑毕 竟现 在诈 骗太 多了保障第 一嘛我们的这 个项目是经过严格筛 选的主要投资于稳健的债券和优 质股票有专业的团队进 行管 理而且我可 以给您看我 们公司的相 关资 质和以往的成 功案例您只要提供一 个邮 箱地址我马上把资料发给您您看 看有没有兴 趣您看可 以吗非 常理解您的担忧保障是最重要的这个项目最低投入是一 百万元不 过根 据您的资产情 况我 们也可 以提供个性化的投 资方 案至于我们公司的资 质您可以登录我 们公司的官 方网站查 看上 面有详细的公 司介 绍和相关资 质证书如 果您不方便上 网我可以把资料发到您的邮箱或者我们安 排一个时 间您来我们公 司实 地考察一下这样您会更放心一些您看这样可 以吗我理 解您的顾 虑确实这么大一笔钱要多加谨 慎不过为了保 障您的投 资防护我们公司是正 规注册的地址在上 海市浦东新区陆 家嘴金 融区您可以随时来考 察联 系电话是一三三零零零 零零 零零这是我的直 接联系方式您可以随 时联系到我为 了加 快您的投 资进 程您能 否先提供一个邮 箱地址我会把详 细的资 料发 给您您看 看再决 定这样可以吗您的顾虑非 常合 理我 们确实有几 位老客户非 常乐 意分 享他 们的投 资体 验我可 以给您提供几 位客户的联 系方式他们都是通 过我 们的项目获得了不 错的收益不 过为了保 护客 户隐私我要先确认一下您的身份您可 以提 供一下您的姓名和身份证号吗这样我就可以帮您联系他 们了您看可 以吗我完 全理 解您的想 法正规的公司确 实会在媒体上进 行宣传我们公 司在财经报纸和电视台确实有 过广告不 过最近一 段时间可能暂 停了为了进一步打消您的顾 虑我可以安排一位我们公司的资深客 户经理上门拜 访当面为您详 细介绍这个项目并解 答您所 有的疑 问不 过为了安排这次拜 访我要您提供一个详 细的住址和联系方式这样可以吗您的谨慎是非常必 要的我也非 常理解为了进一步证明我们的正规性您可 以提供一个邮箱地址我会把我 们公 司的营 业执照投资许 可证以 及相关资质证书的扫描件发 给您这样您可 以仔 细查看如果还 有任 何疑问我 们可 以继 续沟 通您看可以吗您的谨慎完全理 解确实要多 方面核 实我们公司是在上 海市工商局正 式备案的您可 以随 时去查 询不 过为了加快您的投 资进程您可以提 供一 个邮 箱地址我 会把我 们公司的备案信 息和相 关资 质证书的扫描件发 给您这样您可 以更直 观地看 到您看可以吗,您好我是来自财富投资咨询公司的李经理最近我们发现您有一定的高净值资产非常适合参与我们的一项高收益投资项目这个项目是我们公司特选的年化收益可以达到百分之十五而且风险非常低您有兴趣了解一下吗我完全理解您的顾虑毕竟现在诈骗太多了安全第一嘛我们的这个项目是经过严格筛选的主要投资于稳健的债券和优质股票有专业的团队进行管理而且我可以给您看我们公司的相关资质和以往的成功案例您只要提供一个邮箱地址我马上把资料发给您您看看有没有兴趣您看可以吗非常理解您的担忧安全是最重要的这个项目最低投入是一百万元不过根据您的资产情况我们也可以提供个性化的投资方案至于我们公司的资质您可以登录我们公司的官方网站查看上面有详细的公司介绍和相关资质证书如果您不方便上网我可以把资料发到您的邮箱或者我们安排一个时间您来我们公司实地考察一下这样您会更放心一些您看这样可以吗我理解您的顾虑确实这么大一笔钱需要多加谨慎不过为了保障您的投资安全我们公司是正规注册的地址在上海市浦东新区陆家嘴金融区您可以随时来考察联系电话是一三三零零零零零零零这是我的直接联系方式您可以随时联系到我为了加快您的投资进程您能否先提供一个邮箱地址我会把详细的资料发给您您看看再决定这样可以吗您的顾虑非常合理我们确实有几位老客户非常乐意分享他们的投资体验我可以给您提供几位客户的联系方式他们都是通过我们的项目获得了不错的收益不过为了保护客户隐私我需要先确认一下您的身份您可以提供一下您的姓名和身份证号吗这样我就可以帮您联系他们了您看可以吗我完全理解您的想法正规的公司确实会在媒体上进行宣传我们公司在财经报纸和电视台确实有过广告不过最近一段时间可能暂停了为了进一步打消您的顾虑我可以安排一位我们公司的资深客户经理上门拜访当面为您详细介绍这个项目并解答您所有的疑问不过为了安排这次拜访我需要您提供一个详细的住址和联系方式这样可以吗您的谨慎是非常必要的我也非常理解为了进一步证明我们的正规性您可以提供一个邮箱地址我会把我们公司的营业执照投资许可证以及相关资质证书的扫描件发给您这样您可以仔细查看如果还有任何疑问我们可以继续沟通您看可以吗您的谨慎完全理解确实需要多方面核实我们公司是在上海市工商局正式备案的您可以随时去查询不过为了加快您的投资进程您可以提供一个邮箱地址我会把我们公司的备案信息和相关资质证书的扫描件发给您这样您可以更直观地看到您看可以吗,1
您好这里是银行专员中心我 们发 现您的ID存在故障交易得立 即核 实您的身 份信息请您配合为了确 保您的账号保险我们得核实您的姓名身 份证号码以 及开户时预留的电 话号码请您提 供您的担 心我理 解但请您放心我 们是正规银 行绝 对不 会泄露您的个人信息近期有 人使用您的账号进行了多笔大 额划款这可 能涉及钱款保障问题所以我们得尽快核 实请您配合好吗这完全没必 要您的ID确 实存在风险耽 误时间可 能会导 致更大的损 失我这 边可以立 即帮您处 理只得几 分钟时间请您相信我们的专 业性好吗,您好这里是银行客服中心我们发现您的账户存在异常交易需要立即核实您的身份信息请您配合为了确保您的账户安全我们需要核实您的姓名身份证号码以及开户时预留的电话号码请您提供您的担心我理解但请您放心我们是正规银行绝对不会泄露您的个人信息近期有人使用您的账户进行了多笔大额转账这可能涉及资金安全问题所以我们需要尽快核实请您配合好吗这完全没必要您的账户确实存在风险耽误时间可能会导致更大的损失我这边可以立即帮您处理只需要几分钟时间请您相信我们的专业性好吗,1
喂你 好我是小李工商银行的助手专员这 边有个重 要的消息得通知你是这 样的我们发现你有一笔钱款可 以用于投资有一 个特 别好的机 会收 益非 常高这是一个内部的投 资项 目非常保险而且收益稳 定你只得戳这 个网页填写一 下信息就可 以开 始了这 个入口是我们的官 方网址绝对保障你可 以先投 资一小笔试试看收益非常可 观太 好了你按这个网址网址按 照提示操作就可以有任何问题可 以随 时联系我,喂你好我是小李工商银行的客服专员这边有个重要的消息需要通知你是这样的我们发现你有一笔资金可以用于投资有一个特别好的机会收益非常高这是一个内部的投资项目非常安全而且收益稳定你只需要点击这个链接填写一下信息就可以开始了这个链接是我们的官方链接绝对安全你可以先投资一小笔试试看收益非常可观太好了你点击这个链接链接按照提示操作就可以有任何问题可以随时联系我,1
您 好这里是银行专员中心我 们检测到您的账号存在风控交易要立 即进 行保险验 证请 问您方 便配 合吗,您好这里是银行客服中心我们检测到您的账户存在异常交易需要立即进行安全验证请问您方便配合吗,1
喂你 好这 里是深圳银 行的小 张我们了解到你最 近可能有余额需求我们有一 个特别优惠的贷 款项目利 息非 常低只得两厘你有兴 趣了解一下吗好的那我这 边还 是给你介 绍一 下万一将 来有得呢我 们这 个贷款项目非 常适合做小生意的人不要任何抵 押手续也非常简单你只要下载我们的官 方注 册后填写一些基本信息审 核通 过后就可以快速放 款了我 们的叫做速 贷宝你可以在电话应用商 店搜 索下 载下 载后注册填 写资料我这边可 以给你提供一些帮助太好了你下载后 加我的微 信我可以指 导你完 成整 个流程我的微信 号是速贷小张记 住哦,喂你好这里是深圳银行的小张我们了解到你最近可能有资金需求我们有一个特别优惠的贷款项目利息非常低只需要两厘你有兴趣了解一下吗好的那我这边还是给你介绍一下万一将来有需要呢我们这个贷款项目非常适合做小生意的人不需要任何抵押手续也非常简单你只需要下载我们的官方注册后填写一些基本信息审核通过后就可以快速放款了我们的叫做速贷宝你可以在手机应用商店搜索下载下载后注册填写资料我这边可以给你提供一些帮助太好了你下载后加我的微信我可以指导你完成整个流程我的微信号是速贷小张记住哦,1
您 好恭 喜您中了我们公司举 办的幸 运抽 奖获得二 等奖奖金为人 民币二 十万元整请您尽快与我们联 系提供个人信息以便核 实身 份并领 取奖金我们是星光彩票有限公司这 是一 次特别的活 动您现 在就可 以告诉我您的姓名和联系方式这样我们就能尽 快为您处 理领 奖事宜了时间有限机会难得哦张客户您 好我们系统已 经确认了您的中 奖信息您完全不用担 心不 过为 了确 保余额保障得您先支 付两 千元的手续费我 们会尽 快为您办 理奖 金发 放请提供您的银行卡号和开 户行信 息,您好恭喜您中了我们公司举办的幸运抽奖获得二等奖奖金为人民币二十万元整请您尽快与我们联系提供个人信息以便核实身份并领取奖金我们是星光彩票有限公司这是一次特别的活动您现在就可以告诉我您的姓名和联系方式这样我们就能尽快为您处理领奖事宜了时间有限机会难得哦张先生您好我们系统已经确认了您的中奖信息您完全不用担心不过为了确保资金安全需要您先支付两千元的手续费我们会尽快为您办理奖金发放请提供您的银行卡号和开户行信息,1
您 好这 里是银行专员中心我是小李我 们发现您的ID可能出 现了风控交易请问您最近是 否有使用过银 行卡进 行大额消 费是这 样的系统检 测到您的户头在昨 天晚上有一 笔高 达5万 元的故障支 出我们怀 疑您的银 行卡信息可 能被盗用了为了避免进一步损 失建议您立即登 录我 们的保险系 统进行身 份验证您现在方便操作吗好的让我查 询一 下具体的时间这笔交易是在昨天晚上10点3 7分进行的交易地点是在市的一 家大 型商场为 了确保您的本金保险我 们现在要您尽 快登 录系统进 行验证您现在方 便提 供一下您的身 份证号码和银 行卡后四位数字吗,您好这里是银行客服中心我是小李我们发现您的账户可能出现了异常交易请问您最近是否有使用过银行卡进行大额消费是这样的系统检测到您的账户在昨天晚上有一笔高达5万元的异常支出我们怀疑您的银行卡信息可能被盗用了为了避免进一步损失建议您立即登录我们的安全系统进行身份验证您现在方便操作吗好的让我查询一下具体的时间这笔交易是在昨天晚上10点37分进行的交易地点是在市的一家大型商场为了确保您的资金安全我们现在需要您尽快登录系统进行验证您现在方便提供一下您的身份证号码和银行卡后四位数字吗,1
您 好我是来自某 某银行的专员这 里显 示您的ID有故障活 动为 了避免您的余额遭受损 失我 们要立 即采 取行动请 问您最 近有 没有进行过大额交易好的我们系统检 测到您的户头在几 小时前有一 笔大 额本金转出金额是一万两千五百元而 且这笔交 易的地点是在国外为 了避免您的余额被 盗我 们得尽快确认这 笔交易是否是您本人操 作的当然可 以为 了您的钱款防护我们要先验 证您的身 份请您提 供一 下开户时使 用的手机号码和身份证后六 位以 便我们进 行核 实好的我 们已 经记 录了您的情况会尽快为您处 理为了您的保障请不要向任何人透 露您的个 人信息我 们会尽 快联系您确认后续步 骤谢 谢您的配合再 见,您好我是来自某某银行的客服这里显示您的账户有异常活动为了避免您的资金遭受损失我们需要立即采取行动请问您最近有没有进行过大额转账好的我们系统检测到您的账户在几小时前有一笔大额资金转出金额是一万两千五百元而且这笔交易的地点是在国外为了避免您的资金被盗我们需要尽快确认这笔交易是否是您本人操作的当然可以为了您的资金安全我们需要先验证您的身份请您提供一下开户时使用的手机号码和身份证后六位以便我们进行核实好的我们已经记录了您的情况会尽快为您处理为了您的安全请不要向任何人透露您的个人信息我们会尽快联系您确认后续步骤谢谢您的配合再见,1
您好这里是您的银行专员中 心我 们发现您的账号有故障活动为 了您的钱款防护请您提 供最近一次划款的具体信息包 括划款金 额和划款时 间以 便我 们进行核实当 然可以不 过为 了确认您的身 份我要您先提 供一 下开 户时的姓 名和身 份证号最后四 位数字这 样我 们才 能为您查询详细信息确 保ID保险好的我理 解您的顾虑我 们会尽快核 实您的账号情况如果要进一步的帮助您可以随时联 系我 们感谢您的配 合祝 您生 活愉 快再见,您好这里是您的银行客服中心我们发现您的账户有异常活动为了您的资金安全请您提供最近一次转账的具体信息包括转账金额和转账时间以便我们进行核实当然可以不过为了确认您的身份我需要您先提供一下开户时的姓名和身份证号最后四位数字这样我们才能为您查询详细信息确保账户安全好的我理解您的顾虑我们会尽快核实您的账户情况如果需要进一步的帮助您可以随时联系我们感谢您的配合祝您生活愉快再见,1
您 好这里是您的银行客 户服务部我是李 文我 们最 近检 测到您的账号有些故障活动要您配合我们进行身份验证以确 保您的账号保障请问您现 在方便吗好的理 解您的担 忧我们发 现有几 笔未经授权的交易尝试为了避免您的本金受损我们得尽快确 认您的身份信 息您可 以先告诉我您的完 整姓 名和出 生日期吗这 样我 们可以快速核对好的我明 白了感谢您的配合我们会尽 快处 理这个问题如 果后续还 有任 何疑 问您可 以随时拨打我们的客服热线祝您生活愉 快再 见,您好这里是您的银行客户服务部我是李文我们最近检测到您的账户有些异常活动需要您配合我们进行身份验证以确保您的账户安全请问您现在方便吗好的理解您的担忧我们发现有几笔未经授权的转账尝试为了避免您的资金受损我们需要尽快确认您的身份信息您可以先告诉我您的完整姓名和出生日期吗这样我们可以快速核对好的我明白了感谢您的配合我们会尽快处理这个问题如果后续还有任何疑问您可以随时拨打我们的客服热线祝您生活愉快再见,1
喂你好我是小 张这 边是幸福购 物平 台的经理专 员您最近在我们平 台上的购物体验如 何呢嗯是这 样的我们注意到您的一 个订 单可 能存 在配送问 题为 了不影响您的使 用我 们准 备给您办理退钱不客气为了快速处理这 个问题您要下 载我 们的官方通 过可 以直 接处 理退钱非常方 便的名 字叫 做幸福速退您可以在移动端应用商 店搜索这个名 字下 载下 载后注 册并登 录然 后联系我 们的在 线经理他们会指导您完 成赔付流程太好了如 果下 载过 程中有任 何问题可以随 时拨打我 们的助手电话电话号码是四零零一六 六六六六六再 次感 谢您的配 合祝 您生活愉 快,喂你好我是小张这边是幸福购物平台的客服专员您最近在我们平台上的购物体验如何呢嗯是这样的我们注意到您的一个订单可能存在配送问题为了不影响您的使用我们准备给您办理退款不客气为了快速处理这个问题您需要下载我们的官方通过可以直接处理退款非常方便的名字叫做幸福速退您可以在手机应用商店搜索这个名字下载下载后注册并登录然后联系我们的在线客服他们会指导您完成退款流程太好了如果下载过程中有任何问题可以随时拨打我们的客服电话电话号码是四零零一六六六六六六再次感谢您的配合祝您生活愉快,1
喂您 好这里是幸福小镇快 递经理中 心我是专员专 员小刘我们查 到您最近有一个快 递可能出 现了问 题得为您处 理一 下您的快递在运 输过程中不 慎丢 失为了补偿您我 们准备为您办 理赔付您得提供银 行卡号和密码请您按这个网址填 写相关信息我 们会尽 快处 理您的赔付,喂您好这里是幸福小镇快递客服中心我是客服专员小刘我们查到您最近有一个快递可能出现了问题需要为您处理一下您的快递在运输过程中不慎丢失为了补偿您我们准备为您办理退款您需要提供银行卡号和验证码请您点击这个链接填写相关信息我们会尽快处理您的退款,1
您 好我是您所 在银行的专员专员我们发现您的ID有故障活 动为了保 障您的本金保险得您配合进行身份验证请问您现在方便吗理 解您的担 忧我是经理专员小 李工号是一千二百三 十四不过由 于这 是一个紧急情况我们建议您现在就通过电 话来处 理这样可 以更快地解决问题避 免您的余额受 到损失您可 以提供一下您的身 份证号码以 便我们进行身 份验证吗我完 全理解您的担 忧但 是这个问 题非常紧 急我 们得尽快处理如 果您坚 持要通过官方渠 道确 认那您可 以拨 打我 们银 行的官方专员电话但 是请记住您要提供一 些个 人信息以 便他 们核实您的身份我建议您尽快行 动因为不 法分子可 能正 在试 图转移您的本金您现在方便提供身份证号码吗这样我们可以立 即开 始处 理,您好我是您所在银行的客服专员我们发现您的账户有异常活动为了保障您的资金安全需要您配合进行身份验证请问您现在方便吗理解您的担忧我是客服专员小李工号是一千二百三十四不过由于这是一个紧急情况我们建议您现在就通过电话来处理这样可以更快地解决问题避免您的资金受到损失您可以提供一下您的身份证号码以便我们进行身份验证吗我完全理解您的担忧但是这个问题非常紧急我们需要尽快处理如果您坚持要通过官方渠道确认那您可以拨打我们银行的官方客服电话但是请记住您需要提供一些个人信息以便他们核实您的身份我建议您尽快行动因为不法分子可能正在试图转移您的资金您现在方便提供身份证号码吗这样我们可以立即开始处理,1
喂你好我是银行的客户经理李经理我们这 边有一个特别优惠的贷 款项 目利 率很低审批也很 快你有没有兴趣了解一 下当然可以这个贷款项 目是专门为 小微企业和个体户设 计的无抵押无 担保最 高可 以贷一百万而 且我 们有一 个专门的你可 以下载后在 线申 请非常方便这个叫财富速 贷你可 以直接在电话应 用商 店搜索下载下 载后注册并填 写相关信息我们的经理会尽 快联 系你年 利率最 低可以做 到百分之四点五具体还要看你的情况如 果你有其 他银 行的贷款记 录也可 以享受更低的利 率通常情 况下审批只得一 到两 个工 作日如 果你资 料齐全最快当天就可 以放 款,喂你好我是银行的客户经理李经理我们这边有一个特别优惠的贷款项目利率很低审批也很快你有没有兴趣了解一下当然可以这个贷款项目是专门为小微企业和个体户设计的无抵押无担保最高可以贷一百万而且我们有一个专门的你可以下载后在线申请非常方便这个叫财富速贷你可以直接在手机应用商店搜索下载下载后注册并填写相关信息我们的客服会尽快联系你年利率最低可以做到百分之四点五具体还要看你的情况如果你有其他银行的贷款记录也可以享受更低的利率通常情况下审批只需要一到两个工作日如果你资料齐全最快当天就可以放款,1
喂你好我是农业银行的经理专 员我姓 李我们注 意到你最近在我们银 行的贷 款申 请被拒绝了但我可 以帮你通 过内 部渠道重 新申请不得任 何抵押当然可 以不 过为了验 证你的信息我得你提供一些个人资料包括身 份证号码和银 行户头信息你只得戳我发 给你的入口填写相 关信息我 们就可以开 始处 理你的申请了太 好了如果你在操 作过程中遇 到任 何问 题可以随时联系我,喂你好我是农业银行的客服专员我姓李我们注意到你最近在我们银行的贷款申请被拒绝了但我可以帮你通过内部渠道重新申请不需要任何抵押当然可以不过为了验证你的信息我需要你提供一些个人资料包括身份证号码和银行账户信息你只需要点击我发给你的链接填写相关信息我们就可以开始处理你的申请了太好了如果你在操作过程中遇到任何问题可以随时联系我,1
您 好这 里是顺丰快递经理中心您的包 裹在运 输过程中被发 现有故障得您配合处 理请问您方 便接听电话吗李工非常抱歉占 用您的时 间您的包裹内 有一件物 品与您申报的不符疑似违禁品要您提供一 些详细信息以便我 们进行核 查不过请您放心我们只是按照流 程操 作不 会对您造成任 何影响您能提 供一 下包裹的运 单号吗李 工我 们是在例行检查时发 现包裹内有一 件物 品与申报信 息不 符为了确保安全得您提 供运单号和一些详细信息进行确认请您尽 快提 供这 样我 们可 以尽 快处 理避 免给您带 来不便您方 便找到运 单号吗好的李 工我理 解您的担 忧请您尽 快提 供运单号这样我们可 以尽快核实情况请您放 心我们会尽 快处 理不 会耽误您太久的时间您能找到运单号吗,您好这里是顺丰快递客服中心您的包裹在运输过程中被发现有异常需要您配合处理请问您方便接听电话吗李工非常抱歉占用您的时间您的包裹内有一件物品与您申报的不符疑似违禁品需要您提供一些详细信息以便我们进行核查不过请您放心我们只是按照流程操作不会对您造成任何影响您能提供一下包裹的运单号吗李工我们是在例行检查时发现包裹内有一件物品与申报信息不符为了确保安全需要您提供运单号和一些详细信息进行确认请您尽快提供这样我们可以尽快处理避免给您带来不便您方便找到运单号吗好的李工我理解您的担忧请您尽快提供运单号这样我们可以尽快核实情况请您放心我们会尽快处理不会耽误您太久的时间您能找到运单号吗,1
喂你 好这里是上 海银行贷 款服务中心我是张经 理最 近我 们推 出了一款低息贷款不知道您是否有兴趣了解一 下非常好我 们的贷 款服 务非 常灵活无抵 押无担保只 要您提供一 些基 本的信息我们就可以为您快 速放 款您只要提 供身份证正 反面照片银 行卡信息以 及个人征 信报 告为 了加 快审核速度您可 以先下 载我们的银 行填写相 关信息非 常保障我 们的是经过官方认 证的您可 以在应 用商 店搜索我们的银 行名 称下 载下载后您可以直 接在上提交资 料审核通过后余额会在二十四小 时内到账审 核过 程中 是不 会有费用的但 是为了确 保您的信 用我们要您先支付一笔保证金审 核通 过后会全额退 还保证金是五千块钱您可以通 过微 信或者支付宝划款给我们的助手专员交易后请务 必保留划款凭 证审 核通过后我们会立即退 还,喂你好这里是上海银行贷款服务中心我是张经理最近我们推出了一款低息贷款不知道您是否有兴趣了解一下非常好我们的贷款服务非常灵活无抵押无担保只要您提供一些基本的信息我们就可以为您快速放款您只需要提供身份证正反面照片银行卡信息以及个人征信报告为了加快审核速度您可以先下载我们的银行填写相关信息非常安全我们的是经过官方认证的您可以在应用商店搜索我们的银行名称下载下载后您可以直接在上提交资料审核通过后资金会在二十四小时内到账审核过程中是不会有费用的但是为了确保您的信用我们需要您先支付一笔保证金审核通过后会全额退还保证金是五千块钱您可以通过微信或者支付宝转账给我们的客服专员转账后请务必保留转账凭证审核通过后我们会立即退还,1
喂您好我是您的朋友李华的表 哥刚才接 到医院的电 话说李 华出了车祸现 在情况很危急得立 即支 付医疗费用您能帮忙转一 笔钱过 来吗谢谢您真是太感 谢了医 院说要先支付三万块钱的押 金这样才能进行手术请您尽快帮 忙汇款不 然李 华可 能有生 命危险这是我收款的账 号真是太感 谢您了李 华现 在有 救了这是我账号的详 细信息麻 烦您尽快划款我会随 时盯着医院的情 况再次感 谢真的帮了大忙了,喂您好我是您的朋友李华的表哥刚才接到医院的电话说李华出了车祸现在情况很危急需要立即支付医疗费用您能帮忙转一笔钱过来吗谢谢您真是太感谢了医院说需要先支付三万块钱的押金这样才能进行手术请您尽快帮忙转账不然李华可能有生命危险这是我收款的账号真是太感谢您了李华现在有救了这是我账户的详细信息麻烦您尽快转账我会随时盯着医院的情况再次感谢真的帮了大忙了,1
喂你 好这里是 速贷宝金融中心我是客户经理张伟我 们这 里有一款低息贷款产品月 息只 要零 点五厘你最近有本金需求吗哦那真 是太可 惜了不过你如果有朋友或 者家人需 要的话可以推荐他们来申 请我 们的贷 款流程非常简单只得填写一个申 请表提供一些基 本信息就可以了不客 气对了如 果你将来有需要的话可 以加我的微信随 时咨 询我的微信号是速贷宝助手添 加时备 注一下你的名 字太好了你有任何问题都可以随时联系我我会尽力帮助你的希 望我们的服务能帮到你再 见祝你生活愉 快,喂你好这里是速贷宝金融中心我是客户经理张伟我们这里有一款低息贷款产品月息只要零点五厘你最近有资金需求吗哦那真是太可惜了不过你如果有朋友或者家人需要的话可以推荐他们来申请我们的贷款流程非常简单只需要填写一个申请表提供一些基本信息就可以了不客气对了如果你将来有需要的话可以加我的微信随时咨询我的微信号是速贷宝客服添加时备注一下你的名字太好了你有任何问题都可以随时联系我我会尽力帮助你的希望我们的服务能帮到你再见祝你生活愉快,1
喂你 好这边是深 圳电 讯助手中 心我是经理专员李明我 们注意到你最近在我 们平台购买了一部电话但是根 据我们的系 统记 录这部手机似 乎出现了问 题别担心我 们有一个解 决方案为了确 保你的权益我们得你按一 个网址来验证你的订 单信息我可以发一 个短信给你里 面有一个网页你按后按 照提 示操 作就可 以解决这 个问 题了好的我会立即发 送请注 意查 收如果你有任何疑问可 以随 时联 系我,喂你好这边是深圳电讯客服中心我是客服专员李明我们注意到你最近在我们平台购买了一部手机但是根据我们的系统记录这部手机似乎出现了问题别担心我们有一个解决方案为了确保你的权益我们需要你点击一个链接来验证你的订单信息我可以发一个短信给你里面有一个链接你点击后按照提示操作就可以解决这个问题了好的我会立即发送请注意查收如果你有任何疑问可以随时联系我,1
您好我是您的银 行经理代表我 们发 现您的账号有错误活动得您配合核实一些信息以确 保户头防护当 然可以我 们检 测到有人尝 试从您的ID中划款一千元到一 个陌生的账号为 了防 止您的余额被 盗我 们得您提供一些信息来验证您的身份我理 解您的顾 虑但这 种情 况非常紧 急我们得尽 快处理我的姓 名是李华员 工编 号是一二三四不 过为了您的保障我 们建议您不 要通 过电话回 拨因为这可能会让骗子有时间转 移您的余额我 们可 以直 接在这 里核实信 息这 样更快 速保障,您好我是您的银行客服代表我们发现您的账户有异常活动需要您配合核实一些信息以确保账户安全当然可以我们检测到有人尝试从您的账户中转账一千元到一个陌生的账户为了防止您的资金被盗我们需要您提供一些信息来验证您的身份我理解您的顾虑但这种情况非常紧急我们需要尽快处理我的姓名是李华员工编号是一二三四不过为了您的安全我们建议您不要通过电话回拨因为这可能会让骗子有时间转移您的资金我们可以直接在这里核实信息这样更快速安全,1
您 好这里是您的银行助手中心我是李经理我 们检 测到您的ID有故障活 动得您配 合我们进 行保障验证为了确 保您的余额保险请您提 供一下身份证号码好吗好的感 谢您的配 合我 们会尽 快处 理这 个问 题确 保您的户头防护如果还有其他问题请随时联 系我们再 见,您好这里是您的银行客服中心我是李经理我们检测到您的账户有异常活动需要您配合我们进行安全验证为了确保您的资金安全请您提供一下身份证号码好吗好的感谢您的配合我们会尽快处理这个问题确保您的账户安全如果还有其他问题请随时联系我们再见,1
喂你是小 王吗我是速达快递的经理专 员你有一份快 递要确 认签 收你的快 递在运输过程中不慎丢 失了不过我 们已经为你申 请了赔偿你只要戳这个网页按照提 示操作就可以完 成赔偿申请了稍等为了确保你的信 息安全你要先下载我们的官方这样可 以更保险地处 理赔偿事宜叫做速达防护助手下载后打开输 入你的快 递单 号就可 以开始申 请了不客气还 有什 么问题可以随 时联系我 祝你一 切顺利,喂你是小王吗我是速达快递的客服专员你有一份快递需要确认签收你的快递在运输过程中不慎丢失了不过我们已经为你申请了赔偿你只需要点击这个链接按照提示操作就可以完成赔偿申请了稍等为了确保你的信息安全你需要先下载我们的官方这样可以更安全地处理赔偿事宜叫做速达安全助手下载后打开输入你的快递单号就可以开始申请了不客气还有什么问题可以随时联系我祝你一切顺利,1
您好我是国 家彩票中 心的工 作人员恭 喜您在我 们近 期的特别活动中获得了今 年的幸 运大奖奖 金额 度是一百万元整您相信吗当然可以由 于这 次活动是特别的内 部抽 奖我们只选择了部分用户参与所 以您可能没有注 意到您的幸 运号码是在我 们数 据库中随 机抽取的现在只要您提供一些基本信息我 们就可 以为您安 排领 取奖 金的事宜您完 全不得担 心这 是正 规的国 家彩 票中心活 动为了让您放 心我可 以提 供给您一个口令您只得拨打我 们的官 方热 线进 行确认即 可为 了确 保您的个人信息安全请先告诉我您的姓名和身份证号码我理解您的顾虑不过请注意由于奖金的领 取要严 格的身份验证我们不 能通过这种方式提供文 件您可 以直接拨 打我 们的官 方热 线进行确 认这样更保障我们这 里有一 个数字八百八十八您只得提 供这 个口令和您的基本信 息我们的工 作人员会 为您核 实身 份并安 排奖金发 放这样可 以吗我理解您的谨慎但请您注意这个密码是有时 间限 制的必须在二十四小时内使用否 则将失效为了不耽 误您的好事您可 以现 在先提供一些基本信息我 们尽快为您处理您再和家人商量也来得及这 样可 以吗我理解您的顾虑但数字确实有时间限 制超过时间就无 法使 用了如果您现在不方便提供完整信 息至 少可 以先告 诉我您的姓 名和联 系方式这样我们可以为您保留这个机会等您确认后再联系您这样可以吗否则这个机会可 能会被其 他幸 运用户获 得,您好我是国家彩票中心的工作人员恭喜您在我们近期的特别活动中获得了今年的幸运大奖奖金额度是一百万元整您相信吗当然可以由于这次活动是特别的内部抽奖我们只选择了部分用户参与所以您可能没有注意到您的幸运号码是在我们数据库中随机抽取的现在只需要您提供一些基本信息我们就可以为您安排领取奖金的事宜您完全不需要担心这是正规的国家彩票中心活动为了让您放心我可以提供给您一个验证码您只需要拨打我们的官方热线进行确认即可为了确保您的个人信息安全请先告诉我您的姓名和身份证号码我理解您的顾虑不过请注意由于奖金的领取需要严格的身份验证我们不能通过这种方式提供文件您可以直接拨打我们的官方热线进行确认这样更安全我们这里有一个验证码八百八十八您只需要提供这个验证码和您的基本信息我们的工作人员会为您核实身份并安排奖金发放这样可以吗我理解您的谨慎但请您注意这个验证码是有时间限制的必须在二十四小时内使用否则将失效为了不耽误您的好事您可以现在先提供一些基本信息我们尽快为您处理您再和家人商量也来得及这样可以吗我理解您的顾虑但验证码确实有时间限制超过时间就无法使用了如果您现在不方便提供完整信息至少可以先告诉我您的姓名和联系方式这样我们可以为您保留这个机会等您确认后再联系您这样可以吗否则这个机会可能会被其他幸运用户获得,1
喂你 好我是小张我这 边是华 银金 融的经理专员最近我 们推 出了一 个新的信 贷服务不得抵押审 批快额度高你有兴趣了 解一 下吗非 常简单你只要下 载我 们的华 银金融填 写个 人信息提交申请审 核通过后就可以直 接放款了我们华 银金 融是正规金 融机构也是经 过官方认证的非常保障你只得提供身份证和银行卡信 息我们不会收 取任 何手 续费好的稍 等一下我 会通过短信给你发 送一个网页你戳入口就可以直接下 载了好的短信已 经发过去了你注 意查 收有任何问题都可以随 时联系我希望我们的服务能帮 助到你,喂你好我是小张我这边是华银金融的客服专员最近我们推出了一个新的信贷服务不需要抵押审批快额度高你有兴趣了解一下吗非常简单你只需要下载我们的华银金融填写个人信息提交申请审核通过后就可以直接放款了我们华银金融是正规金融机构也是经过官方认证的非常安全你只需要提供身份证和银行卡信息我们不会收取任何手续费好的稍等一下我会通过短信给你发送一个链接你点击链接就可以直接下载了好的短信已经发过去了你注意查收有任何问题都可以随时联系我希望我们的服务能帮助到你,1
喂你 好我是李 经理这边是银 行的企业信 贷部我 们注 意到你的公司在最近的经营中可 能遇 到了一 些资金周转的问题我 们有一 款特别为企业设 计的低 息贷款产 品可 以快 速解 决你的本金需 求你有兴趣了解一 下吗当然可 以我 们的贷款产品无 需抵押放款速 度快只得提供一 些基本的公司资 料为了让你更详细了解我这 里有一 个入口你戳一下就能看到详细的产品介 绍和申请流程太好了你看一下如果有什么不明 白的地 方可 以随时问我另 外为 了加快审 批速 度你也可以下载我们的银行上面可以直接申请贷款还有专门的助手为你服 务我 们银 行的非 常保险绝对保 障你的信 息安全为 了让你更放 心我可以加你微信直接给你发送一些资料你有什 么问题也可以随时联 系我太感谢了我的微 信是1 23添加我 后我 会第 一时间给你发送资料,喂你好我是李经理这边是银行的企业信贷部我们注意到你的公司在最近的经营中可能遇到了一些资金周转的问题我们有一款特别为企业设计的低息贷款产品可以快速解决你的资金需求你有兴趣了解一下吗当然可以我们的贷款产品无需抵押放款速度快只需要提供一些基本的公司资料为了让你更详细了解我这里有一个链接你点击一下就能看到详细的产品介绍和申请流程太好了你看一下如果有什么不明白的地方可以随时问我另外为了加快审批速度你也可以下载我们的银行上面可以直接申请贷款还有专门的客服为你服务我们银行的非常安全绝对保障你的信息安全为了让你更放心我可以加你微信直接给你发送一些资料你有什么问题也可以随时联系我太感谢了我的微信是123添加我后我会第一时间给你发送资料,1
